{
"type": "FeatureCollection",
"name": "canopyiq_communities",
"crs": { "type": "name", "properties": { "name": "urn:ogc:def:crs:OGC:1.3:CRS84" } },
"features": [
{ "type": "Feature", "properties": { "pc": "VICTORIA HILLS", "area_ha": 221.94602416626421, "alive": 1787, "total": 2225, "removed": 438, "diversity": 2.6244621311460152, "last_insp": 2021.0, "dens": 8.0515071477978921, "attrition": 19.685393258426966, "backlog": 5.0, "I_deficit": 0.64832923107237317, "I_attrition": 0.41668861060238577, "I_monoculture": 0.13098138542689108, "I_backlog": 0.25, "score": 0.36149980677541249, "rank": 43, "priority": "Low" }, "geometry": { "type": "Polygon", "coordinates": [ [ [ -80.507623154536603, 43.439665515054493 ], [ -80.510088907300499, 43.438238671111591 ], [ -80.510190605081206, 43.438174736556597 ], [ -80.511155114509904, 43.437630788285702 ], [ -80.511335158106803, 43.437529379677187 ], [ -80.512858363740506, 43.436611225774008 ], [ -80.512933890728306, 43.436557081814598 ], [ -80.513192838013794, 43.436423957866594 ], [ -80.513268601901103, 43.436378458585899 ], [ -80.513355596487912, 43.436342728587192 ], [ -80.513615974995901, 43.4362089762339 ], [ -80.5137151974792, 43.436173207630993 ], [ -80.513888409512802, 43.436084278614302 ], [ -80.514248885148604, 43.435932317907991 ], [ -80.514322865748497, 43.435905712565685 ], [ -80.525141111776506, 43.431890546029294 ], [ -80.525541258496403, 43.431726738976103 ], [ -80.527650284804693, 43.434900318287802 ], [ -80.527741975723401, 43.435019443178803 ], [ -80.529555109430902, 43.437196080825103 ], [ -80.529597830094204, 43.437257745298893 ], [ -80.529646597355594, 43.437302687120301 ], [ -80.529732327931697, 43.43740225010739 ], [ -80.529780793278903, 43.4374466497665 ], [ -80.529817630122196, 43.437491995894192 ], [ -80.530075055217907, 43.437735942125492 ], [ -80.530161881462604, 43.437800125337183 ], [ -80.530198494710504, 43.437835565876 ], [ -80.5304097305103, 43.4379915468134 ], [ -80.530456302500596, 43.43801685668469 ], [ -80.530492910481001, 43.438053017479298 ], [ -80.530640225053304, 43.438134643190203 ], [ -80.530677711683595, 43.438162076798498 ], [ -80.530726923845094, 43.438189285167709 ], [ -80.531021355671896, 43.43835199878351 ], [ -80.531070734739103, 43.438370476955789 ], [ -80.531119839144395, 43.438397597872196 ], [ -80.531169831625604, 43.438415987596002 ], [ -80.531206808425395, 43.438443415442507 ], [ -80.531256085737596, 43.438461622686198 ], [ -80.531293035789901, 43.438479779382995 ], [ -80.531391390293095, 43.438515922523287 ], [ -80.531428131081697, 43.438534258411892 ], [ -80.531527095621797, 43.438570764121408 ], [ -80.531562622240102, 43.438588284864501 ], [ -80.531613323360304, 43.438607127821193 ], [ -80.531662669579106, 43.438616330511103 ], [ -80.531761020948395, 43.438652833506495 ], [ -80.531810978557701, 43.4386623131468 ], [ -80.531847828506201, 43.43868010848459 ], [ -80.531946014633107, 43.438698335554797 ], [ -80.531996002114994, 43.438716815817003 ], [ -80.535277645978397, 43.4393604659654 ], [ -80.535314666668597, 43.439369621067897 ], [ -80.535375834945398, 43.439378600345705 ], [ -80.535485367594703, 43.439405784215296 ], [ -80.535587660316395, 43.439434106560199 ], [ -80.535684728052402, 43.439452145783598 ], [ -80.5357945679892, 43.439479240849302 ], [ -80.535821594503304, 43.439489071509698 ], [ -80.535893501567401, 43.439506738573499 ], [ -80.536190606974401, 43.439589415475204 ], [ -80.536252587152802, 43.43959885101539 ], [ -80.536498785253997, 43.439689604941499 ], [ -80.536559887930906, 43.439707768072097 ], [ -80.536610214485094, 43.43973524768569 ], [ -80.536708165160604, 43.439771745380298 ], [ -80.536756767301895, 43.439798501067095 ], [ -80.536794934848899, 43.439817381287703 ], [ -80.536843339532496, 43.439844133223495 ], [ -80.536892515712694, 43.439862337625499 ], [ -80.536991045430398, 43.439916301797695 ], [ -80.538333122952594, 43.440597819803202 ], [ -80.538472421593596, 43.440677512929597 ], [ -80.514828806949396, 43.448572280538791 ], [ -80.514093151811593, 43.447435467088091 ], [ -80.513032928478196, 43.445361183864598 ], [ -80.512781439256898, 43.444750549174991 ], [ -80.512355555630506, 43.44392905538961 ], [ -80.511805694031011, 43.443143486994899 ], [ -80.510099535861698, 43.441695421953504 ], [ -80.509314274304103, 43.441043872968784 ], [ -80.508577617530506, 43.440419353709693 ], [ -80.507988436739197, 43.439930771035293 ], [ -80.507623154536603, 43.439665515054493 ] ] ] } },
{ "type": "Feature", "properties": { "pc": "ST. MARYS", "area_ha": 82.413906619940121, "alive": 905, "total": 1202, "removed": 297, "diversity": 2.3456354089329059, "last_insp": 2022.0, "dens": 10.981156422707844, "attrition": 24.708818635607322, "backlog": 4.0, "I_deficit": 0.51930133986171889, "I_attrition": 0.5230214693572387, "I_monoculture": 0.30021635909802402, "I_backlog": 0.1875, "score": 0.3825097920792454, "rank": 38, "priority": "Low" }, "geometry": { "type": "Polygon", "coordinates": [ [ [ -80.498138229006102, 43.441022438456599 ], [ -80.496210173499307, 43.440304660070503 ], [ -80.494230987487995, 43.439511698990792 ], [ -80.493485754450205, 43.439099920124796 ], [ -80.493169924215806, 43.438866785758286 ], [ -80.493639981653402, 43.438862191890607 ], [ -80.494167533029497, 43.438489303487501 ], [ -80.494662850767, 43.438254814866902 ], [ -80.494956635775196, 43.438140788431994 ], [ -80.495270912455098, 43.438001376370885 ], [ -80.495805198485598, 43.437834216702605 ], [ -80.496217195157598, 43.437656340878092 ], [ -80.496339519814001, 43.437588101017603 ], [ -80.496756341175413, 43.437307796523605 ], [ -80.497029571189103, 43.437140111996705 ], [ -80.497834872634201, 43.436849535663583 ], [ -80.500439600387807, 43.435932693603213 ], [ -80.500498438100806, 43.435877224294295 ], [ -80.500607359895994, 43.435753014290803 ], [ -80.500685214782294, 43.435590137319295 ], [ -80.50074664344271, 43.435504971963795 ], [ -80.500635771345998, 43.435432466871603 ], [ -80.500561540600899, 43.43537767701239 ], [ -80.500488493069597, 43.435314792155793 ], [ -80.500438917923901, 43.435259749725596 ], [ -80.500329675311093, 43.435089031845699 ], [ -80.500293203164205, 43.4349894848826 ], [ -80.500282046858203, 43.4349091320138 ], [ -80.500282735284316, 43.43480029748379 ], [ -80.500300680728714, 43.434721070164002 ], [ -80.500322175648407, 43.434626177411793 ], [ -80.500637455128697, 43.43421181827609 ], [ -80.501075693367511, 43.433914359530299 ], [ -80.501130050072305, 43.433872397139609 ], [ -80.502361644855597, 43.432921614633003 ], [ -80.504561428414803, 43.434456289840696 ], [ -80.504735878992193, 43.434578399838792 ], [ -80.505066452294898, 43.43470955885099 ], [ -80.505636271880306, 43.434750915649403 ], [ -80.506285540982205, 43.434394157105103 ], [ -80.507101832911601, 43.433970146850797 ], [ -80.507185398458304, 43.434042707529493 ], [ -80.507647430085299, 43.433781553424602 ], [ -80.5080475311605, 43.434159043280204 ], [ -80.508109210687905, 43.434141573497691 ], [ -80.508221269363602, 43.434105594722794 ], [ -80.510116904354405, 43.433429534459698 ], [ -80.510128237256296, 43.433565524337403 ], [ -80.510152472501602, 43.433655833932995 ], [ -80.510358226962694, 43.434041573392683 ], [ -80.510505395999104, 43.434250701969091 ], [ -80.510701612841402, 43.434467513806091 ], [ -80.510860846497593, 43.434621056940706 ], [ -80.510984108185298, 43.434712240402703 ], [ -80.511159963011494, 43.434813909805698 ], [ -80.511291340722593, 43.434884240885296 ], [ -80.511437246223494, 43.434947074043592 ], [ -80.511488237967797, 43.434966017510796 ], [ -80.511524976149104, 43.434984359790498 ], [ -80.511562500727294, 43.434993430321292 ], [ -80.511599234871099, 43.435011682804692 ], [ -80.511814971504904, 43.43508264339129 ], [ -80.512930545008103, 43.435449665341487 ], [ -80.513416109306405, 43.435606755494895 ], [ -80.514203092071796, 43.435861273288602 ], [ -80.514322865748497, 43.435905712565685 ], [ -80.514248885148604, 43.435932317907991 ], [ -80.513888409512802, 43.436084278614302 ], [ -80.5137151974792, 43.436173207630993 ], [ -80.513615974995901, 43.4362089762339 ], [ -80.513355596487912, 43.436342728587192 ], [ -80.513268601901103, 43.436378458585899 ], [ -80.513192838013794, 43.436423957866594 ], [ -80.512933890728306, 43.436557081814598 ], [ -80.512858363740506, 43.436611225774008 ], [ -80.511335158106803, 43.437529379677187 ], [ -80.511155114509904, 43.437630788285702 ], [ -80.510190605081206, 43.438174736556597 ], [ -80.510088907300499, 43.438238671111591 ], [ -80.507623154536603, 43.439665515054493 ], [ -80.506763149191599, 43.440168564687902 ], [ -80.506626776009995, 43.44024872746499 ], [ -80.506403261243307, 43.440355973799591 ], [ -80.506291728249494, 43.44040050685701 ], [ -80.506118173430394, 43.440453859370997 ], [ -80.504519645630793, 43.440800743877894 ], [ -80.502590599843998, 43.441140770673009 ], [ -80.502095883504396, 43.441228643253801 ], [ -80.501724619785108, 43.441272126913702 ], [ -80.501235439105201, 43.441293042165896 ], [ -80.500785412887495, 43.441286035822806 ], [ -80.500648543633616, 43.441276257560908 ], [ -80.498624402807906, 43.441096530239193 ], [ -80.498138229006102, 43.441022438456599 ] ] ] } },
{ "type": "Feature", "properties": { "pc": "COUNTRY HILLS WEST", "area_ha": 184.83780130464825, "alive": 2587, "total": 3341, "removed": 754, "diversity": 2.4092362966991581, "last_insp": 2021.0, "dens": 13.996054820713466, "attrition": 22.568093385214009, "backlog": 5.0, "I_deficit": 0.38651889868674172, "I_attrition": 0.47770787980596169, "I_monoculture": 0.26161355058257707, "I_backlog": 0.25, "score": 0.34396008226882013, "rank": 46, "priority": "Low" }, "geometry": { "type": "Polygon", "coordinates": [ [ [ -80.475653701259702, 43.409263421712495 ], [ -80.474883693197199, 43.406840385635903 ], [ -80.479159130901706, 43.405865217584598 ], [ -80.485435025047806, 43.4043636862718 ], [ -80.4923429936579, 43.402689388735595 ], [ -80.493669443708299, 43.4023714513066 ], [ -80.494037696420804, 43.402288791047809 ], [ -80.494046958013698, 43.4023156429053 ], [ -80.49408090268652, 43.402414057535083 ], [ -80.494103566401407, 43.402479743296801 ], [ -80.494189390577006, 43.402728540112101 ], [ -80.494243024561101, 43.402884012029595 ], [ -80.494289717061307, 43.403019488257193 ], [ -80.494317241597599, 43.403099363317601 ], [ -80.494344761432302, 43.403179235581092 ], [ -80.494372276183995, 43.403259102860403 ], [ -80.494399800957396, 43.403338975130296 ], [ -80.494427314983497, 43.403418850696291 ], [ -80.494454840674905, 43.403498725868999 ], [ -80.494486439044707, 43.403590443914702 ], [ -80.494518138728196, 43.403682438367802 ], [ -80.494554806726995, 43.403788859977908 ], [ -80.494590781378804, 43.403893264980802 ], [ -80.49461872997, 43.403974389085597 ], [ -80.494646688790098, 43.404055517598898 ], [ -80.494689031809102, 43.404178404246899 ], [ -80.495375901402198, 43.404066551190802 ], [ -80.495616520636105, 43.404027918958199 ], [ -80.496914932084806, 43.403801683955294 ], [ -80.497038793493402, 43.403780365240507 ], [ -80.497195192970096, 43.403753422650894 ], [ -80.497225230221702, 43.403846327291497 ], [ -80.497489374255395, 43.404149067303884 ], [ -80.497773501528997, 43.404442030213197 ], [ -80.498076932724601, 43.404724513932692 ], [ -80.499681504757604, 43.406099372079687 ], [ -80.499504968445805, 43.4061859623313 ], [ -80.498807936392396, 43.4068014497742 ], [ -80.498590380214395, 43.407233686069603 ], [ -80.498585279327102, 43.407247937185495 ], [ -80.498492492077702, 43.407665494424393 ], [ -80.498661344365217, 43.408194709033488 ], [ -80.498890757230797, 43.408877144570695 ], [ -80.499693401274797, 43.411264846557991 ], [ -80.499697376275506, 43.411278727690593 ], [ -80.498858287376393, 43.411421328530302 ], [ -80.497603259243107, 43.411634578391094 ], [ -80.496988676364296, 43.411739000650094 ], [ -80.4931913979499, 43.412395191546601 ], [ -80.491881229322999, 43.412621563989696 ], [ -80.489325692799895, 43.413051349338495 ], [ -80.488338591220199, 43.413217290828293 ], [ -80.487548330602394, 43.413350233794695 ], [ -80.487395282990093, 43.413370611282502 ], [ -80.486476826527905, 43.4134931532273 ], [ -80.486177807773004, 43.413533047527594 ], [ -80.485793448807001, 43.413553487208709 ], [ -80.485652571943007, 43.413560978300502 ], [ -80.485091382940993, 43.413590817320703 ], [ -80.484510704137307, 43.413677957412098 ], [ -80.483848104519794, 43.4138108714235 ], [ -80.483628900203598, 43.413854841790808 ], [ -80.483532707659904, 43.413871872433198 ], [ -80.483437360183302, 43.413897550736806 ], [ -80.483371504717695, 43.413916159025199 ], [ -80.483322239295717, 43.413925027405185 ], [ -80.4832367388329, 43.413942556048788 ], [ -80.483161420361895, 43.413960131228897 ], [ -80.483124191899094, 43.413978147791809 ], [ -80.483075355000096, 43.413995842603498 ], [ -80.482988175039594, 43.414031459118497 ], [ -80.482925073306106, 43.414049629072601 ], [ -80.482886004718594, 43.414063646029994 ], [ -80.482836750536805, 43.41408131787081 ], [ -80.482777139929794, 43.414102705589009 ], [ -80.482739828621206, 43.414112678622701 ], [ -80.482678119327502, 43.414129173862094 ], [ -80.482633090457696, 43.414153742101199 ], [ -80.482524820460995, 43.41420239221609 ], [ -80.482504090604394, 43.414211350314801 ], [ -80.482328557047296, 43.414287202414791 ], [ -80.482157004067304, 43.4143613331103 ], [ -80.482069946977504, 43.414405954173297 ], [ -80.481958982966106, 43.414459103221084 ], [ -80.481906611869107, 43.414496826146809 ], [ -80.481891276194901, 43.414506523118995 ], [ -80.481849654740202, 43.414526483492601 ], [ -80.481822118227399, 43.41453968858449 ], [ -80.4816983747493, 43.414610608765699 ], [ -80.481666316702302, 43.414639683552394 ], [ -80.481648794223702, 43.414655575367988 ], [ -80.481611181081007, 43.414682594386193 ], [ -80.481561554895805, 43.414709375340699 ], [ -80.481436833182102, 43.41479919657921 ], [ -80.481392379191902, 43.414822004461094 ], [ -80.481350389653798, 43.414843548857682 ], [ -80.481339379313795, 43.414859223623402 ], [ -80.481324921974306, 43.414879804154403 ], [ -80.481237196025404, 43.414943052810195 ], [ -80.481164310201009, 43.414986293214902 ], [ -80.481101716539996, 43.415040475078989 ], [ -80.480977714242002, 43.415129217929092 ], [ -80.480915143411494, 43.415192764674302 ], [ -80.480828210405406, 43.415246385378303 ], [ -80.480778429583793, 43.415291170594408 ], [ -80.480616603836694, 43.415407651779908 ], [ -80.480579683014199, 43.415425309301199 ], [ -80.480545255617997, 43.415449637529598 ], [ -80.480217787115805, 43.4156767248137 ], [ -80.479919168710495, 43.415862793538693 ], [ -80.479881400327201, 43.415886147327299 ], [ -80.479867551108001, 43.415894955416604 ], [ -80.479689855400395, 43.415732416235286 ], [ -80.479458003024504, 43.415520363966486 ], [ -80.479427661216704, 43.415492642931994 ], [ -80.477648064356799, 43.413864496833405 ], [ -80.477576760834197, 43.413799230072698 ], [ -80.477562980837305, 43.413786656713796 ], [ -80.477527018451795, 43.413753754957796 ], [ -80.477132777294699, 43.413277607868991 ], [ -80.477085381211793, 43.413202324628088 ], [ -80.476949406285698, 43.412986344255799 ], [ -80.476937280813019, 43.412962429555584 ], [ -80.476672660501706, 43.412443468647091 ], [ -80.476622989226101, 43.412346030230786 ], [ -80.476428283931895, 43.411822446856803 ], [ -80.476258597855804, 43.411261864926502 ], [ -80.475746115472518, 43.409568745777392 ], [ -80.475653701259702, 43.409263421712495 ] ] ] } },
{ "type": "Feature", "properties": { "pc": "HURON SOUTH", "area_ha": 254.06684193905579, "alive": 1570, "total": 1772, "removed": 202, "diversity": 2.632595766001304, "last_insp": 2021.0, "dens": 6.1794761883040339, "attrition": 11.399548532731377, "backlog": 5.0, "I_deficit": 0.73077739613198589, "I_attrition": 0.24129881365539321, "I_monoculture": 0.12604464382027658, "I_backlog": 0.25, "score": 0.33703021340191391, "rank": 47, "priority": "Low" }, "geometry": { "type": "Polygon", "coordinates": [ [ [ -80.487292310527394, 43.391806704324296 ], [ -80.487256134258899, 43.391824202916901 ], [ -80.487148177925008, 43.391880589108702 ], [ -80.487123446939506, 43.391893505627692 ], [ -80.487032406490698, 43.391956615916882 ], [ -80.486899563060007, 43.392077988902003 ], [ -80.486839573649107, 43.392144922998902 ], [ -80.486795400452394, 43.392184326148694 ], [ -80.486746906883198, 43.3922209280068 ], [ -80.486694425679303, 43.392254477424494 ], [ -80.486638316942603, 43.392284744197312 ], [ -80.486578965667206, 43.392311520644895 ], [ -80.486516779098295, 43.392334623036085 ], [ -80.486452183937303, 43.392353892849783 ], [ -80.486385623414293, 43.392369197862593 ], [ -80.4863175542459, 43.392380433056303 ], [ -80.486248443501694, 43.392387521338499 ], [ -80.486178765398705, 43.3923904140715 ], [ -80.486108998047399, 43.392389091406294 ], [ -80.4860396201708, 43.392383562418793 ], [ -80.485971107818997, 43.39237386504729 ], [ -80.485903931102698, 43.392360065832293 ], [ -80.485838549076902, 43.392342258504193 ], [ -80.485762838137106, 43.392330831875391 ], [ -80.485686236536793, 43.392323199824801 ], [ -80.485609099393699, 43.392319396966599 ], [ -80.485531786211297, 43.392319441024192 ], [ -80.485454657313198, 43.392323331792191 ], [ -80.485378072164295, 43.392331051137184 ], [ -80.48530238769581, 43.392342563082693 ], [ -80.485227956641396, 43.39235781397619 ], [ -80.485216128875706, 43.392318647571393 ], [ -80.485214924644808, 43.392314659670795 ], [ -80.485026396128802, 43.392380885773306 ], [ -80.485092853500007, 43.392591905001396 ], [ -80.4839480763805, 43.392799124019589 ], [ -80.48059880724, 43.393375585388505 ], [ -80.480563478996217, 43.393260264228495 ], [ -80.480209370816112, 43.393210556369205 ], [ -80.479898439575706, 43.393120156781983 ], [ -80.479535962437893, 43.392929500956093 ], [ -80.4790938189808, 43.392563651269697 ], [ -80.478899631083394, 43.392485956996502 ], [ -80.4785755536452, 43.392529623708192 ], [ -80.478130150718997, 43.392511277628202 ], [ -80.477683436798699, 43.392522495616902 ], [ -80.477466991511804, 43.392561279640795 ], [ -80.477036627503495, 43.392754163120493 ], [ -80.476544326358095, 43.392819034380601 ], [ -80.476144364686405, 43.3926561044686 ], [ -80.475277140693507, 43.392347069791491 ], [ -80.474245250147902, 43.392229171581803 ], [ -80.473445388091505, 43.392299988831802 ], [ -80.472943205011504, 43.392169838706195 ], [ -80.472362564856795, 43.392187036942893 ], [ -80.472130636787398, 43.392016955325296 ], [ -80.471818060956295, 43.3919335671958 ], [ -80.471324811228001, 43.391606258863199 ], [ -80.471224250613801, 43.39132122743991 ], [ -80.471440793661301, 43.391092110686984 ], [ -80.471428654661395, 43.390999062819098 ], [ -80.471159789506999, 43.390740116249297 ], [ -80.471258476700598, 43.3906856228649 ], [ -80.470861344820094, 43.3904674743778 ], [ -80.470717143465905, 43.3903456319645 ], [ -80.470182105567403, 43.390231464941294 ], [ -80.470059529453707, 43.390180053495008 ], [ -80.470017880751797, 43.39016258539661 ], [ -80.469914249995497, 43.389944259220094 ], [ -80.469892472255296, 43.389932998964703 ], [ -80.469874025691695, 43.389923461548896 ], [ -80.469836115057504, 43.389870228703593 ], [ -80.469683859926803, 43.389730865491906 ], [ -80.469526584902098, 43.389653555346499 ], [ -80.469387419532595, 43.389553108310103 ], [ -80.469307135649814, 43.389534482115593 ], [ -80.469182486620497, 43.389446805273508 ], [ -80.469042144396099, 43.3894464823574 ], [ -80.468904649965197, 43.389399100180803 ], [ -80.468850863154003, 43.389353040774083 ], [ -80.468795608134499, 43.389305723476099 ], [ -80.468657441617495, 43.389282343652717 ], [ -80.468548581199499, 43.389249059430199 ], [ -80.468383722898196, 43.389175475222302 ], [ -80.468178521710101, 43.389022119694296 ], [ -80.468147984162499, 43.3889823124142 ], [ -80.467994849354298, 43.388942804464882 ], [ -80.467953392226704, 43.388924841388196 ], [ -80.467883797507895, 43.388882190975785 ], [ -80.4677797138703, 43.388807234726109 ], [ -80.467705719490198, 43.388786261203499 ], [ -80.467607599278296, 43.388761266714802 ], [ -80.467673508831496, 43.388723793274302 ], [ -80.467903466144506, 43.388567414635098 ], [ -80.468135540670403, 43.388383363831004 ], [ -80.4683609283463, 43.388171293933098 ], [ -80.468572682575896, 43.387917583416588 ], [ -80.468704443311495, 43.387735279423097 ], [ -80.468817111792205, 43.387557516020401 ], [ -80.468944384644502, 43.387304444558296 ], [ -80.469014343190196, 43.387148605704795 ], [ -80.469072981728999, 43.386977538502499 ], [ -80.469115887839095, 43.386790190291194 ], [ -80.469145874396602, 43.386628251215001 ], [ -80.469159603516005, 43.386358570895204 ], [ -80.469161266985097, 43.38616794453079 ], [ -80.469142514973797, 43.385952138352501 ], [ -80.469096469875893, 43.385711122751594 ], [ -80.469063427915401, 43.385556426477599 ], [ -80.468988665260696, 43.385394972638295 ], [ -80.468928323957797, 43.385273888480199 ], [ -80.468860724789707, 43.385138123453892 ], [ -80.468741587298496, 43.384936130269296 ], [ -80.468609917326901, 43.384745656078998 ], [ -80.468443508014005, 43.384534179978999 ], [ -80.468273663633099, 43.384352788554295 ], [ -80.468046800589505, 43.384157239889703 ], [ -80.467876911004197, 43.384018112092285 ], [ -80.467358546364594, 43.3836830465414 ], [ -80.466881393400001, 43.383373252155991 ], [ -80.464812185060595, 43.382009613803184 ], [ -80.463458666298393, 43.381178167905603 ], [ -80.462851598029701, 43.380796612154803 ], [ -80.462486154469119, 43.380562177259598 ], [ -80.462651629821494, 43.380531283228791 ], [ -80.464013534472699, 43.380277007667004 ], [ -80.464786805139696, 43.380126285836909 ], [ -80.465815065378195, 43.379945183634497 ], [ -80.465799056033106, 43.379891499718802 ], [ -80.466286372871195, 43.379803851178295 ], [ -80.468083446934898, 43.379480611484801 ], [ -80.469803192126903, 43.379216725149 ], [ -80.470284331144015, 43.379134176006602 ], [ -80.470942314314797, 43.3790262618272 ], [ -80.472121316208302, 43.3788437859819 ], [ -80.472703623671094, 43.378743788108899 ], [ -80.474142056432498, 43.378502308136611 ], [ -80.475614196730817, 43.37824972135261 ], [ -80.475393747778796, 43.377586561399497 ], [ -80.475470758618201, 43.377573806887696 ], [ -80.476219685787399, 43.377446751007398 ], [ -80.481040047352906, 43.376631340279097 ], [ -80.481759898509907, 43.376509499758804 ], [ -80.484443074083401, 43.376055473614898 ], [ -80.484682805355604, 43.376003195205591 ], [ -80.485545319307604, 43.375853486045209 ], [ -80.485915399394699, 43.376985266111795 ], [ -80.486130540999, 43.377643193115695 ], [ -80.4861664246787, 43.377731245973791 ], [ -80.485563521772804, 43.377831239027792 ], [ -80.485592195114606, 43.377921277684393 ], [ -80.485685206197701, 43.378213344473487 ], [ -80.484319837490901, 43.378444683164496 ], [ -80.484705478173396, 43.379610614380084 ], [ -80.485040268485605, 43.380457682835008 ], [ -80.485276344377098, 43.381171381311809 ], [ -80.484840234741696, 43.38124526911799 ], [ -80.484731597676301, 43.381263674668297 ], [ -80.484775711254102, 43.3814225934387 ], [ -80.484892352994507, 43.381402831662392 ], [ -80.485328462900597, 43.381328943661202 ], [ -80.485764226460219, 43.382649185841402 ], [ -80.485804932510305, 43.382769608873097 ], [ -80.486571119618404, 43.382635851492303 ], [ -80.486615759420502, 43.382762093691497 ], [ -80.486656097421104, 43.382876151268086 ], [ -80.486790142759801, 43.383255199833094 ], [ -80.486865793403098, 43.383245210061794 ], [ -80.486904016556807, 43.383362182991796 ], [ -80.486943193518499, 43.383482290281101 ], [ -80.486978018790097, 43.383589052179097 ], [ -80.487012840754204, 43.383695817838202 ], [ -80.487047663870896, 43.383802579555805 ], [ -80.487090107960299, 43.383932707195299 ], [ -80.487117561341293, 43.384016060804896 ], [ -80.487152838361894, 43.384122745692402 ], [ -80.487188112549902, 43.384229425600303 ], [ -80.487234518113397, 43.3843697819973 ], [ -80.487262975096201, 43.384455514665696 ], [ -80.487281251759498, 43.384509707527897 ], [ -80.487325837490104, 43.38464191735919 ], [ -80.487361775294602, 43.384748484195697 ], [ -80.487397712233104, 43.384855049995195 ], [ -80.487438384251107, 43.3849756559868 ], [ -80.487484229757399, 43.385111602239903 ], [ -80.487563771757493, 43.385347459750008 ], [ -80.487623096104002, 43.385522445348599 ], [ -80.487762104446304, 43.3854974998359 ], [ -80.487901112514407, 43.3854725496358 ], [ -80.488040120630501, 43.385447603929499 ], [ -80.4881862206351, 43.385421380025399 ], [ -80.488332324876112, 43.385395160033184 ], [ -80.488478428413103, 43.385368937519701 ], [ -80.488624528010504, 43.385342717133007 ], [ -80.488806162201399, 43.385310115743799 ], [ -80.489118314146097, 43.38525409036879 ], [ -80.489553706149906, 43.385175851653997 ], [ -80.489709346187496, 43.385147838583691 ], [ -80.490183750141298, 43.386582811352703 ], [ -80.489987099695995, 43.386617143075391 ], [ -80.489735129887606, 43.386661118001399 ], [ -80.4894465811537, 43.386711475873192 ], [ -80.489246498403105, 43.386746397142602 ], [ -80.489147476972207, 43.386763676424501 ], [ -80.489048454685602, 43.38678095576239 ], [ -80.488949433928198, 43.386798236624202 ], [ -80.488850412316197, 43.386815517396293 ], [ -80.488751993073095, 43.386832694700203 ], [ -80.488653570578705, 43.386849871904701 ], [ -80.488554548396394, 43.386867153000594 ], [ -80.488422520213007, 43.386890192634709 ], [ -80.488290490721297, 43.386913233421701 ], [ -80.488150256935697, 43.386920457480386 ], [ -80.488172769445399, 43.386992878668707 ], [ -80.488195285628606, 43.387065296954091 ], [ -80.488214048500495, 43.3871256481168 ], [ -80.4882403145035, 43.38721013990429 ], [ -80.488274674948102, 43.387320663036895 ], [ -80.488322673064403, 43.3875157376931 ], [ -80.488363291373901, 43.387646406948093 ], [ -80.488703166054194, 43.388740397310102 ], [ -80.488152973264903, 43.38883130960189 ], [ -80.486552515121701, 43.389116292378098 ], [ -80.487292310527394, 43.391806704324296 ] ] ] } },
{ "type": "Feature", "properties": { "pc": "IDLEWOOD", "area_ha": 196.29007633450217, "alive": 2708, "total": 3430, "removed": 722, "diversity": 2.3759944040982148, "last_insp": 2022.0, "dens": 13.795908843528281, "attrition": 21.049562682215743, "backlog": 4.0, "I_deficit": 0.39533374679558031, "I_attrition": 0.44556453166540372, "I_monoculture": 0.28178984779844973, "I_backlog": 0.1875, "score": 0.32754703156485843, "rank": 48, "priority": "Low" }, "geometry": { "type": "Polygon", "coordinates": [ [ [ -80.421072792466703, 43.439656470168309 ], [ -80.423281604760305, 43.438368253201411 ], [ -80.425889825132899, 43.436894117772098 ], [ -80.427203247060206, 43.43628650521979 ], [ -80.426536830955598, 43.437173711563595 ], [ -80.426324754088398, 43.437401763674508 ], [ -80.426187730794396, 43.437549107300399 ], [ -80.425516687517899, 43.438452471660007 ], [ -80.425515941410396, 43.438531331762391 ], [ -80.425527908798102, 43.438698927367106 ], [ -80.425594536710094, 43.43880765301239 ], [ -80.425737261894497, 43.438940168807783 ], [ -80.426845819550806, 43.439722109152491 ], [ -80.426981746714702, 43.43987304096779 ], [ -80.427172230572793, 43.440074212696892 ], [ -80.427375426009505, 43.440385640187507 ], [ -80.428376421249695, 43.441720049766502 ], [ -80.428758204392196, 43.4422323141766 ], [ -80.428751549144806, 43.44227927294569 ], [ -80.428759135154095, 43.442350340891593 ], [ -80.428764094059801, 43.442440571820697 ], [ -80.428747463512707, 43.442561662138303 ], [ -80.428637472232595, 43.442977388351501 ], [ -80.429567907034098, 43.4431313870883 ], [ -80.429588723919906, 43.443139144586794 ], [ -80.430106222097095, 43.443242642121703 ], [ -80.430373588938195, 43.443277733256686 ], [ -80.430643101136695, 43.443279075480199 ], [ -80.430850347346194, 43.443270656085808 ], [ -80.431016675881295, 43.443256716780802 ], [ -80.431239882543593, 43.443219389296303 ], [ -80.431311501576005, 43.44324333008619 ], [ -80.431357632226806, 43.443268047464798 ], [ -80.431413987199321, 43.443376448708598 ], [ -80.4314925362699, 43.443509174308403 ], [ -80.431585301586296, 43.443646743271096 ], [ -80.431751773006596, 43.443857423152998 ], [ -80.432651738261001, 43.444700745788495 ], [ -80.433235676376597, 43.445221197456299 ], [ -80.433532728958312, 43.445482931502291 ], [ -80.4335582318446, 43.445501963502906 ], [ -80.439330530243197, 43.450752957926504 ], [ -80.440151340911001, 43.451503919980304 ], [ -80.440175891502804, 43.45154950104169 ], [ -80.440212655879421, 43.45158569139609 ], [ -80.440237286418906, 43.451622092189282 ], [ -80.440273444749394, 43.451657559186408 ], [ -80.440588620184499, 43.452215728819276 ], [ -80.439093643483801, 43.452708942894191 ], [ -80.438143747830296, 43.453053580515892 ], [ -80.436310684869099, 43.453643766176299 ], [ -80.4359086127984, 43.453786544655095 ], [ -80.435817378926302, 43.453821383960197 ], [ -80.435717548408405, 43.453859779707798 ], [ -80.435401030591706, 43.453986503867803 ], [ -80.434860171825605, 43.4542029546338 ], [ -80.434744535181196, 43.454252976843897 ], [ -80.434275807305596, 43.454482924047895 ], [ -80.433951656880296, 43.454651376232597 ], [ -80.433627572404703, 43.454834685162602 ], [ -80.433182067457906, 43.455087066190785 ], [ -80.433044298305902, 43.455171369972298 ], [ -80.432421963082106, 43.455586358430196 ], [ -80.4319406816645, 43.456229446904992 ], [ -80.431783628569207, 43.456677882540895 ], [ -80.431558580004904, 43.45729321181399 ], [ -80.431549915736099, 43.457316901315693 ], [ -80.429219066395007, 43.4568126803998 ], [ -80.428890382870307, 43.456680861553899 ], [ -80.428425537260793, 43.456418187586586 ], [ -80.428071204554499, 43.456077290661099 ], [ -80.427680814026601, 43.455701732307602 ], [ -80.427360021925693, 43.455393139653694 ], [ -80.426981664249496, 43.455029074715704 ], [ -80.425750905605497, 43.453765158726902 ], [ -80.425588095842201, 43.45354404757169 ], [ -80.425411808167397, 43.453292894986603 ], [ -80.4249941579276, 43.452399545326898 ], [ -80.423808337797198, 43.449900328263098 ], [ -80.423258216380205, 43.448752974934401 ], [ -80.422924139317601, 43.448079517377892 ], [ -80.422692763417601, 43.447848068573499 ], [ -80.422419924781593, 43.447626397152597 ], [ -80.422182242458817, 43.447468913169594 ], [ -80.422091975783303, 43.447434517978309 ], [ -80.4218183781081, 43.447292875894597 ], [ -80.421160763178406, 43.447079340481601 ], [ -80.420726675708806, 43.44695785562719 ], [ -80.420044904185801, 43.446767148871707 ], [ -80.419116844868597, 43.446500645698592 ], [ -80.418611451806299, 43.4463554769982 ], [ -80.418118353191801, 43.446182728751992 ], [ -80.4177914460453, 43.446001463904402 ], [ -80.417516845417197, 43.445849185000796 ], [ -80.417230284862399, 43.445637426097399 ], [ -80.416956759707602, 43.445405386526296 ], [ -80.416882304903893, 43.445316242102209 ], [ -80.416775412055102, 43.445188490823291 ], [ -80.416631577286196, 43.445013558415994 ], [ -80.41646356074132, 43.444756307241796 ], [ -80.416333476812298, 43.444571453836595 ], [ -80.414966665487199, 43.443216609420297 ], [ -80.421072792466703, 43.439656470168309 ] ] ] } },
{ "type": "Feature", "properties": { "pc": "TRILLIUM INDUSTRIAL PARK", "area_ha": 613.82730451723478, "alive": 457, "total": 629, "removed": 172, "diversity": 2.1799495884890652, "last_insp": 2011.0, "dens": 0.74450907712458814, "attrition": 27.344992050874406, "backlog": 15.0, "I_deficit": 0.97014473308951288, "I_attrition": 0.57882240883018288, "I_monoculture": 0.40078001826933674, "I_backlog": 0.875, "score": 0.70618679004725804, "rank": 2, "priority": "High" }, "geometry": { "type": "Polygon", "coordinates": [ [ [ -80.435315943413599, 43.420851591820806 ], [ -80.4339151196084, 43.41650047257 ], [ -80.433925782954603, 43.416121068985291 ], [ -80.431924657522103, 43.412424137608092 ], [ -80.429860665326899, 43.409755312181396 ], [ -80.430916387677996, 43.41006862224399 ], [ -80.431386643377607, 43.410208178436292 ], [ -80.432924595154105, 43.4096485728044 ], [ -80.433275363390806, 43.409520935988091 ], [ -80.433300897799, 43.409501360013195 ], [ -80.434148064432506, 43.408851869805702 ], [ -80.435004288515401, 43.40819238605129 ], [ -80.435744329300405, 43.406849020165197 ], [ -80.435572807476717, 43.406302313302291 ], [ -80.435567904002397, 43.406286682696596 ], [ -80.435377670462202, 43.405680318035095 ], [ -80.435348131387897, 43.405586163074403 ], [ -80.435171338342997, 43.405022625928801 ], [ -80.433972472224298, 43.404053782885001 ], [ -80.433189565391999, 43.403862089714004 ], [ -80.432990133473098, 43.403813257815386 ], [ -80.432178675385217, 43.403614565000098 ], [ -80.430700477803896, 43.4024803620214 ], [ -80.429583599753698, 43.401900851855999 ], [ -80.4296684821594, 43.401887820308801 ], [ -80.429766573070793, 43.40187276133031 ], [ -80.4327219283538, 43.401418996537792 ], [ -80.436388426355506, 43.400855927392591 ], [ -80.437213848458001, 43.400625923519797 ], [ -80.437413108601305, 43.4003898191812 ], [ -80.437866846740405, 43.399583212368803 ], [ -80.437995539395402, 43.399627446345889 ], [ -80.438569014900295, 43.399796785669302 ], [ -80.438962014295399, 43.399912865563891 ], [ -80.4392174516409, 43.399954101683498 ], [ -80.440075482212293, 43.400092612557309 ], [ -80.440231882449396, 43.40009337820829 ], [ -80.441071014794005, 43.400097482494097 ], [ -80.4417488466093, 43.400013648698803 ], [ -80.442147696644099, 43.399947805525606 ], [ -80.447049308777409, 43.39910361264829 ], [ -80.447067294925304, 43.399100515032202 ], [ -80.447161729665595, 43.399084856931694 ], [ -80.450351154392195, 43.39855494350369 ], [ -80.4518512633189, 43.398542787823288 ], [ -80.453375178329594, 43.39885013900799 ], [ -80.453656671207099, 43.398936017747602 ], [ -80.4537237260203, 43.398854731445098 ], [ -80.453833020849004, 43.398722237192914 ], [ -80.454118769637404, 43.398503579856801 ], [ -80.454421529715304, 43.398375656271888 ], [ -80.454759355433296, 43.398299576824392 ], [ -80.454953274067094, 43.398266375952403 ], [ -80.455576387227595, 43.398160888174395 ], [ -80.456802213757001, 43.397972531222798 ], [ -80.458472126414705, 43.397734586496703 ], [ -80.460376514858197, 43.397359718080708 ], [ -80.460864287762803, 43.397200972288204 ], [ -80.461242367127895, 43.397018828710699 ], [ -80.4619881185764, 43.396395283266806 ], [ -80.462928671995996, 43.395612884880613 ], [ -80.4631749320436, 43.395410484550801 ], [ -80.463632155964106, 43.39504205726579 ], [ -80.464075463520302, 43.394616755050293 ], [ -80.464472463388205, 43.394158559477106 ], [ -80.464509347181405, 43.394110852259089 ], [ -80.465240524716705, 43.393042427963906 ], [ -80.46583198978, 43.392427016733699 ], [ -80.466305879875307, 43.392217641131602 ], [ -80.466322556024096, 43.392203234308496 ], [ -80.466630068543793, 43.392596736080407 ], [ -80.467149856256796, 43.393398767363202 ], [ -80.467163376675899, 43.393419629090701 ], [ -80.467281609677698, 43.393602058177109 ], [ -80.467429469076805, 43.393842983597402 ], [ -80.467583649377801, 43.394094207128198 ], [ -80.467973018463596, 43.395063456780299 ], [ -80.467976128408196, 43.395084006098195 ], [ -80.468170931583501, 43.396372039969201 ], [ -80.468177900599002, 43.396416845661193 ], [ -80.468173716569794, 43.396433553275791 ], [ -80.468156297386699, 43.396501739277795 ], [ -80.468150858887697, 43.39652642058121 ], [ -80.468128724431907, 43.3966132159712 ], [ -80.468116504167796, 43.3966620120813 ], [ -80.468022802563496, 43.397036175700499 ], [ -80.468017005732307, 43.397059321174495 ], [ -80.468010596419205, 43.397084914015494 ], [ -80.467963986616496, 43.39726322203461 ], [ -80.467889190798203, 43.397402758582899 ], [ -80.467848711674804, 43.397478274719198 ], [ -80.467836748709004, 43.397500592429793 ], [ -80.467586160010299, 43.397968078311791 ], [ -80.467567263141007, 43.398036707124589 ], [ -80.467420333590496, 43.398570326839994 ], [ -80.467399164390997, 43.398647207519886 ], [ -80.467311980569207, 43.398963838630202 ], [ -80.467385075492601, 43.39970950446569 ], [ -80.467419621772308, 43.399821956206985 ], [ -80.467431024027604, 43.399859070854099 ], [ -80.467438546133295, 43.399883556165399 ], [ -80.467501209379094, 43.400087526479602 ], [ -80.467538856571906, 43.400148780845491 ], [ -80.467554157106903, 43.400173519613602 ], [ -80.468155670316705, 43.401145675141599 ], [ -80.468483203568795, 43.401710003151692 ], [ -80.468494393238899, 43.4017292824065 ], [ -80.468521839833898, 43.401776571495695 ], [ -80.468613855462195, 43.401897042993497 ], [ -80.468659546690205, 43.4019569909279 ], [ -80.468692492850707, 43.401999997397695 ], [ -80.468725601923012, 43.402028779499403 ], [ -80.468752994910318, 43.402052782793589 ], [ -80.468768255334993, 43.402065938638302 ], [ -80.469057885765594, 43.4023177703057 ], [ -80.469431173023921, 43.402555151132184 ], [ -80.469630544644602, 43.402650622205591 ], [ -80.469788286044903, 43.402726129338198 ], [ -80.469880607321812, 43.402770126296595 ], [ -80.470304205275596, 43.402907751651391 ], [ -80.470624320591696, 43.40300902696201 ], [ -80.4707629455947, 43.403052869190091 ], [ -80.470852778933207, 43.403081246118603 ], [ -80.470887902666504, 43.403092454119594 ], [ -80.471451617476703, 43.40327059767499 ], [ -80.471502532022797, 43.403286628817199 ], [ -80.4718158037047, 43.403385821827598 ], [ -80.471919414673096, 43.403418587308103 ], [ -80.471991845308096, 43.403448192158798 ], [ -80.472039634473404, 43.40346776316089 ], [ -80.472060461227599, 43.403476212416791 ], [ -80.472422104894605, 43.4036241796464 ], [ -80.4727789606996, 43.403809733622303 ], [ -80.472997836476907, 43.403942435049991 ], [ -80.473081450656906, 43.4039932034391 ], [ -80.4731125190402, 43.404012215240193 ], [ -80.473148684098206, 43.404034077962891 ], [ -80.473491683864296, 43.404296972278402 ], [ -80.473754649611195, 43.404588515187697 ], [ -80.473804080403994, 43.404681756625301 ], [ -80.473828149608096, 43.404727159455192 ], [ -80.474427873763702, 43.405858399658008 ], [ -80.474454384627506, 43.405908404366592 ], [ -80.474495837206206, 43.405986592815388 ], [ -80.474543310288098, 43.406084024052802 ], [ -80.474883693197199, 43.406840385635903 ], [ -80.474206100615405, 43.407003566292488 ], [ -80.472587423673303, 43.407380176961702 ], [ -80.471354014799502, 43.407667131361407 ], [ -80.469245258406801, 43.408157698371888 ], [ -80.469019797593901, 43.408210145523491 ], [ -80.468628228982993, 43.408301231402305 ], [ -80.468351632489501, 43.408365571781701 ], [ -80.466137301625693, 43.408880627683899 ], [ -80.462389936847799, 43.409808320646995 ], [ -80.462128514685503, 43.409873032594305 ], [ -80.461214470199806, 43.410099286297296 ], [ -80.461179632095707, 43.410107909461296 ], [ -80.461159581869694, 43.410112872774796 ], [ -80.454949928234598, 43.411650703845602 ], [ -80.456340768365394, 43.413506097317097 ], [ -80.456575804670706, 43.41394284753229 ], [ -80.456692473532996, 43.4144498858387 ], [ -80.456737534785901, 43.415163285502402 ], [ -80.456931476333295, 43.415754687674699 ], [ -80.457258824104798, 43.416269208335692 ], [ -80.457745923020198, 43.416745864548496 ], [ -80.458391540450293, 43.417288107941687 ], [ -80.459605731621096, 43.418307853152299 ], [ -80.455963534198801, 43.418907468562892 ], [ -80.455777616630797, 43.418978154571704 ], [ -80.455396839242397, 43.419185561162102 ], [ -80.455033387866393, 43.419221100363586 ], [ -80.454835910564498, 43.419193613652794 ], [ -80.454564600382398, 43.419155848918699 ], [ -80.454343151166498, 43.419144887908701 ], [ -80.454074688329101, 43.4191518909224 ], [ -80.453922043884702, 43.419177649728702 ], [ -80.453703268160695, 43.419214567722499 ], [ -80.442791866152604, 43.421055258929314 ], [ -80.442772681427499, 43.421058711369589 ], [ -80.440895278804803, 43.421396532584801 ], [ -80.438894093014895, 43.4217565886998 ], [ -80.4382247634028, 43.421996370619894 ], [ -80.435228113514597, 43.423745779254006 ], [ -80.435140118533397, 43.423797146875302 ], [ -80.434522234283406, 43.424265315114503 ], [ -80.434331801664598, 43.4241053880164 ], [ -80.434986024761599, 43.422770599363993 ], [ -80.435131049197594, 43.422500543698192 ], [ -80.435461893951, 43.421884455051398 ], [ -80.435600109102396, 43.421655931780293 ], [ -80.435315943413599, 43.420851591820806 ] ] ] } },
{ "type": "Feature", "properties": { "pc": "COUNTRY HILLS EAST", "area_ha": 101.44676145168718, "alive": 246, "total": 272, "removed": 26, "diversity": 2.4539291051368339, "last_insp": 2021.0, "dens": 2.4249172322485091, "attrition": 9.5588235294117645, "backlog": 5.0, "I_deficit": 0.89613603775328032, "I_attrition": 0.20233544959834152, "I_monoculture": 0.23448707504535016, "I_backlog": 0.25, "score": 0.39573964059924294, "rank": 35, "priority": "Low" }, "geometry": { "type": "Polygon", "coordinates": [ [ [ -80.466729302026494, 43.421627080625704 ], [ -80.466414653934606, 43.421602388992206 ], [ -80.466186320681999, 43.421620049021499 ], [ -80.465858817270004, 43.421690810754988 ], [ -80.465332360966698, 43.421819965767895 ], [ -80.464199093637603, 43.422111901473706 ], [ -80.463586083280205, 43.421611463774497 ], [ -80.463217541432002, 43.421305761445495 ], [ -80.461689613281493, 43.420038313486209 ], [ -80.4597739164617, 43.4184490991885 ], [ -80.459605731621096, 43.418307853152299 ], [ -80.458391540450293, 43.417288107941687 ], [ -80.457745923020198, 43.416745864548496 ], [ -80.457258824104798, 43.416269208335692 ], [ -80.456931476333295, 43.415754687674699 ], [ -80.456737534785901, 43.415163285502402 ], [ -80.456692473532996, 43.4144498858387 ], [ -80.456575804670706, 43.41394284753229 ], [ -80.456340768365394, 43.413506097317097 ], [ -80.454949928234598, 43.411650703845602 ], [ -80.461159581869694, 43.410112872774796 ], [ -80.462349332334398, 43.411230741661996 ], [ -80.463066439666804, 43.411847307455496 ], [ -80.465613911668797, 43.414037474064401 ], [ -80.465951030034006, 43.414312613241904 ], [ -80.466233419284194, 43.414543080984792 ], [ -80.468538190092119, 43.416424002394685 ], [ -80.469200302271503, 43.416964323015613 ], [ -80.469622061798106, 43.417308495371195 ], [ -80.470330581195896, 43.417990665720893 ], [ -80.4707725704599, 43.4184142644554 ], [ -80.470864221928494, 43.4185286194284 ], [ -80.471297369998595, 43.419057893124403 ], [ -80.471465346186406, 43.419279734795893 ], [ -80.471689613241196, 43.419575914538498 ], [ -80.472335347114097, 43.42043328272139 ], [ -80.472664091464395, 43.420869760209492 ], [ -80.472795492575599, 43.421021197871084 ], [ -80.472841494745495, 43.4210742145411 ], [ -80.472909964638404, 43.421148633596793 ], [ -80.473082475338003, 43.421336132256293 ], [ -80.473139179643098, 43.4213924421326 ], [ -80.473561197492401, 43.421811524096896 ], [ -80.473586138429994, 43.421836291340398 ], [ -80.473386206161194, 43.4219153154976 ], [ -80.473297204895502, 43.421946863780192 ], [ -80.470828089811903, 43.422824739778591 ], [ -80.469427441677396, 43.423323004400999 ], [ -80.469196308591094, 43.423405225948393 ], [ -80.468193381034993, 43.422558931760101 ], [ -80.468159679777301, 43.422531614405898 ], [ -80.467843726203199, 43.422275509075398 ], [ -80.467812974320296, 43.422250142660495 ], [ -80.467353119845214, 43.421870809268491 ], [ -80.467076436970402, 43.421721966397499 ], [ -80.466861841449202, 43.421663309361591 ], [ -80.466729302026494, 43.421627080625704 ] ] ] } },
{ "type": "Feature", "properties": { "pc": "COUNTRY HILLS", "area_ha": 103.72162606855167, "alive": 983, "total": 1209, "removed": 226, "diversity": 1.9161443328798895, "last_insp": 2021.0, "dens": 9.4772906794800527, "attrition": 18.693134822167078, "backlog": 5.0, "I_deficit": 0.58553473755011265, "I_attrition": 0.39568507850446172, "I_monoculture": 0.56089765381361856, "I_backlog": 0.25, "score": 0.44802936746704819, "rank": 21, "priority": "Medium" }, "geometry": { "type": "Polygon", "coordinates": [ [ [ -80.461159581869694, 43.410112872774796 ], [ -80.461179632095707, 43.410107909461296 ], [ -80.461214470199806, 43.410099286297296 ], [ -80.462128514685503, 43.409873032594305 ], [ -80.462389936847799, 43.409808320646995 ], [ -80.466137301625693, 43.408880627683899 ], [ -80.468351632489501, 43.408365571781701 ], [ -80.468628228982993, 43.408301231402305 ], [ -80.469019797593901, 43.408210145523491 ], [ -80.469245258406801, 43.408157698371888 ], [ -80.471354014799502, 43.407667131361407 ], [ -80.472587423673303, 43.407380176961702 ], [ -80.474206100615405, 43.407003566292488 ], [ -80.474883693197199, 43.406840385635903 ], [ -80.475653701259702, 43.409263421712495 ], [ -80.475746115472518, 43.409568745777392 ], [ -80.476258597855804, 43.411261864926502 ], [ -80.476428283931895, 43.411822446856803 ], [ -80.476622989226101, 43.412346030230786 ], [ -80.476672660501706, 43.412443468647091 ], [ -80.476937280813019, 43.412962429555584 ], [ -80.476949406285698, 43.412986344255799 ], [ -80.477085381211793, 43.413202324628088 ], [ -80.477132777294699, 43.413277607868991 ], [ -80.477527018451795, 43.413753754957796 ], [ -80.477562980837305, 43.413786656713796 ], [ -80.477576760834197, 43.413799230072698 ], [ -80.477648064356799, 43.413864496833405 ], [ -80.479427661216704, 43.415492642931994 ], [ -80.479458003024504, 43.415520363966486 ], [ -80.479689855400395, 43.415732416235286 ], [ -80.479867551108001, 43.415894955416604 ], [ -80.479587116827602, 43.416063541722892 ], [ -80.479201248296505, 43.416274463074103 ], [ -80.479101040238007, 43.416319381572201 ], [ -80.479015895135902, 43.416354283934702 ], [ -80.478953250629502, 43.416390368735307 ], [ -80.478891272412397, 43.41640809162989 ], [ -80.478816916560802, 43.416443763383199 ], [ -80.478617581852106, 43.4165153223991 ], [ -80.478556014331105, 43.416532956645582 ], [ -80.478459142476098, 43.416564501214296 ], [ -80.478422412537313, 43.416576461616998 ], [ -80.478344554520305, 43.416604463392801 ], [ -80.478259387124609, 43.416630364476902 ], [ -80.478209193005299, 43.416639405922197 ], [ -80.475709527287705, 43.4172311463036 ], [ -80.475660820077394, 43.417242731952292 ], [ -80.473795449847898, 43.417686407151791 ], [ -80.473184470887404, 43.417831719677494 ], [ -80.472650422313194, 43.417960713388496 ], [ -80.472086431708206, 43.41809693609239 ], [ -80.470808075795503, 43.418405689262585 ], [ -80.4707725704599, 43.4184142644554 ], [ -80.470330581195896, 43.417990665720893 ], [ -80.469622061798106, 43.417308495371195 ], [ -80.469200302271503, 43.416964323015613 ], [ -80.468538190092119, 43.416424002394685 ], [ -80.466233419284194, 43.414543080984792 ], [ -80.465951030034006, 43.414312613241904 ], [ -80.465613911668797, 43.414037474064401 ], [ -80.463066439666804, 43.411847307455496 ], [ -80.462349332334398, 43.411230741661996 ], [ -80.461159581869694, 43.410112872774796 ] ] ] } },
{ "type": "Feature", "properties": { "pc": "ROSEMOUNT", "area_ha": 263.19359330973828, "alive": 1890, "total": 2250, "removed": 360, "diversity": 1.8741951192379043, "last_insp": 2025.0, "dens": 7.1810258609743647, "attrition": 16.0, "backlog": 1.0, "I_deficit": 0.6866670504622483, "I_attrition": 0.33867841409691629, "I_monoculture": 0.58635889371873806, "I_backlog": 0.0, "score": 0.40292608956947568, "rank": 32, "priority": "Medium" }, "geometry": { "type": "Polygon", "coordinates": [ [ [ -80.454018710381803, 43.448317730453809 ], [ -80.454884374533705, 43.448459868006594 ], [ -80.455235027531501, 43.448507180624105 ], [ -80.455294260906797, 43.448516016911682 ], [ -80.455394762215406, 43.448525586499883 ], [ -80.455465743590921, 43.448530876793399 ], [ -80.455937025725802, 43.448536811666003 ], [ -80.456074164935501, 43.4485285497707 ], [ -80.456178733946999, 43.448527696716901 ], [ -80.456292911866896, 43.448512125144703 ], [ -80.456367573801501, 43.448505100394001 ], [ -80.456603946810603, 43.448477323367094 ], [ -80.456815189490698, 43.448433226289396 ], [ -80.457038214986696, 43.448371175490394 ], [ -80.457178809743297, 43.448341325119408 ], [ -80.4573102330762, 43.448300539806986 ], [ -80.457397276527018, 43.448264852714601 ], [ -80.4574775298329, 43.448236152879993 ], [ -80.4575812600131, 43.448203516053702 ], [ -80.457682760518296, 43.448158176387793 ], [ -80.457779617087297, 43.4481191137792 ], [ -80.458254859443102, 43.447851559272387 ], [ -80.459098718854307, 43.44739930663799 ], [ -80.459360265790593, 43.447256412712996 ], [ -80.459669982510405, 43.447060000044701 ], [ -80.459745693914996, 43.447014716768003 ], [ -80.459892556743, 43.446944380518509 ], [ -80.460079660712395, 43.446863879042297 ], [ -80.460141325281398, 43.446828249528096 ], [ -80.460203623214497, 43.446801448102285 ], [ -80.460277948375406, 43.446774702827199 ], [ -80.460340122267894, 43.446739076191896 ], [ -80.460439981717101, 43.446694352856284 ], [ -80.460612961186399, 43.446632152744193 ], [ -80.460737215867596, 43.446582865298993 ], [ -80.462693054717221, 43.448327486122395 ], [ -80.464248835011304, 43.450194348556998 ], [ -80.465057004157202, 43.451165095432685 ], [ -80.468246269822203, 43.45408922445111 ], [ -80.470586183054607, 43.456337929170502 ], [ -80.471089695277698, 43.457143551834591 ], [ -80.471445426778999, 43.458498906656786 ], [ -80.471171971032106, 43.462064075231702 ], [ -80.471045011586398, 43.462105441373893 ], [ -80.470819343537698, 43.462186318881301 ], [ -80.469668161797301, 43.462553959847689 ], [ -80.469372319844396, 43.462662418664394 ], [ -80.464610600345296, 43.46420944837039 ], [ -80.462130707373603, 43.464967616246298 ], [ -80.458125021382997, 43.466149096999793 ], [ -80.453564846199299, 43.467633244242194 ], [ -80.453218145791993, 43.467746007229486 ], [ -80.452115370439302, 43.46810353104069 ], [ -80.451227433532694, 43.468360214390209 ], [ -80.451143770759202, 43.468038317455893 ], [ -80.4511862051246, 43.467734990063398 ], [ -80.451197482420596, 43.467663486545995 ], [ -80.451247869528203, 43.467377754081291 ], [ -80.451366007447007, 43.466520725426996 ], [ -80.451799261655495, 43.463978597009998 ], [ -80.451747131222305, 43.462981894602898 ], [ -80.451572966139096, 43.462202580291695 ], [ -80.450753452441305, 43.461141393383187 ], [ -80.450154158764093, 43.460765301201093 ], [ -80.450961696386699, 43.457629881727797 ], [ -80.454018710381803, 43.448317730453809 ] ] ] } },
{ "type": "Feature", "properties": { "pc": "HERITAGE PARK", "area_ha": 191.23064871918965, "alive": 1813, "total": 2213, "removed": 400, "diversity": 2.1095880456810336, "last_insp": 2022.0, "dens": 9.4806978491312766, "attrition": 18.07501129688206, "backlog": 4.0, "I_deficit": 0.58538467866120081, "I_attrition": 0.38260101005074137, "I_monoculture": 0.4434862329035153, "I_backlog": 0.1875, "score": 0.39974298040386436, "rank": 34, "priority": "Medium" }, "geometry": { "type": "Polygon", "coordinates": [ [ [ -80.433044298305902, 43.455171369972298 ], [ -80.433182067457906, 43.455087066190785 ], [ -80.433627572404703, 43.454834685162602 ], [ -80.433951656880296, 43.454651376232597 ], [ -80.434275807305596, 43.454482924047895 ], [ -80.434744535181196, 43.454252976843897 ], [ -80.434860171825605, 43.4542029546338 ], [ -80.435401030591706, 43.453986503867803 ], [ -80.435717548408405, 43.453859779707798 ], [ -80.435817378926302, 43.453821383960197 ], [ -80.4359086127984, 43.453786544655095 ], [ -80.436310684869099, 43.453643766176299 ], [ -80.438143747830296, 43.453053580515892 ], [ -80.439093643483801, 43.452708942894191 ], [ -80.440588620184499, 43.452215728819276 ], [ -80.441369832719204, 43.451958292370698 ], [ -80.444333783621104, 43.450918359298292 ], [ -80.446153285551105, 43.4502889973419 ], [ -80.448705017306693, 43.449409540297886 ], [ -80.450812901996997, 43.448671481735104 ], [ -80.450929217707198, 43.44863341885371 ], [ -80.452047870041397, 43.448296147469506 ], [ -80.452290733927299, 43.448238436961297 ], [ -80.452763571242798, 43.448173002182685 ], [ -80.453056253167006, 43.448150544544504 ], [ -80.453270758422903, 43.448186229741808 ], [ -80.453417820862697, 43.4482188913789 ], [ -80.453647285580402, 43.448256808486597 ], [ -80.454018710381803, 43.448317730453809 ], [ -80.450961696386699, 43.457629881727797 ], [ -80.450154158764093, 43.460765301201093 ], [ -80.450753452441305, 43.461141393383187 ], [ -80.451572966139096, 43.462202580291695 ], [ -80.451747131222305, 43.462981894602898 ], [ -80.451799261655495, 43.463978597009998 ], [ -80.451366007447007, 43.466520725426996 ], [ -80.451247869528203, 43.467377754081291 ], [ -80.451197482420596, 43.467663486545995 ], [ -80.4511862051246, 43.467734990063398 ], [ -80.451143770759202, 43.468038317455893 ], [ -80.451227433532694, 43.468360214390209 ], [ -80.450425313190493, 43.468621593907798 ], [ -80.449579888684099, 43.468897076082499 ], [ -80.449312131601701, 43.468981223409997 ], [ -80.448468087936106, 43.468000113572387 ], [ -80.447709219884104, 43.46715003680999 ], [ -80.446142558551102, 43.465400383509611 ], [ -80.444833487045599, 43.46391726716309 ], [ -80.443685420211807, 43.464558065389603 ], [ -80.443528908618305, 43.464640215625792 ], [ -80.443491720701601, 43.464649038674402 ], [ -80.443454416216696, 43.464648587266701 ], [ -80.443404635582198, 43.464630250065085 ], [ -80.443343581688197, 43.464584937958797 ], [ -80.439421722036101, 43.46098260377299 ], [ -80.439286751891402, 43.460873731566693 ], [ -80.438771349039996, 43.460393710018195 ], [ -80.436798383895706, 43.45858314842031 ], [ -80.436737184392001, 43.458511006414589 ], [ -80.436173554731397, 43.458003906301599 ], [ -80.436148649432297, 43.4579858686687 ], [ -80.436122921094395, 43.457957474861303 ], [ -80.435352008437604, 43.457261557325197 ], [ -80.435277169623305, 43.457187907015104 ], [ -80.434465177671299, 43.456450911196207 ], [ -80.433809754895407, 43.455856111121392 ], [ -80.433422575273198, 43.455504626799694 ], [ -80.433207621940298, 43.4552974051403 ], [ -80.433044298305902, 43.455171369972298 ] ] ] } },
{ "type": "Feature", "properties": { "pc": "EASTWOOD", "area_ha": 71.362544506389881, "alive": 487, "total": 617, "removed": 130, "diversity": 2.0522527104034274, "last_insp": 2011.0, "dens": 6.8243082329609681, "attrition": 21.069692058346838, "backlog": 15.0, "I_deficit": 0.70237764206596509, "I_attrition": 0.44599061823945618, "I_monoculture": 0.47828613973853906, "I_backlog": 0.875, "score": 0.62541360001099011, "rank": 3, "priority": "High" }, "geometry": { "type": "Polygon", "coordinates": [ [ [ -80.457002964808396, 43.436236217398196 ], [ -80.464071909825194, 43.438790370302598 ], [ -80.465113212741997, 43.439003833781292 ], [ -80.465527862120396, 43.439056906760499 ], [ -80.466400942662801, 43.439131743798796 ], [ -80.466805098695403, 43.4391730612099 ], [ -80.467298811888497, 43.439227126427006 ], [ -80.467622732322397, 43.439308485517493 ], [ -80.467800419615102, 43.439391688593602 ], [ -80.468089870315509, 43.439515314462895 ], [ -80.467797603056198, 43.439782926245499 ], [ -80.467403416459206, 43.440207631813799 ], [ -80.468747411993505, 43.440709473437892 ], [ -80.468613791845598, 43.440806438545408 ], [ -80.465347116757698, 43.44234135814699 ], [ -80.467293481971694, 43.444120070266912 ], [ -80.4671207686374, 43.444199750192404 ], [ -80.460836208892999, 43.446543269884799 ], [ -80.460737215867596, 43.446582865298993 ], [ -80.458018571791598, 43.444663183054793 ], [ -80.456806974009694, 43.443623044508996 ], [ -80.456382563675902, 43.442973203055104 ], [ -80.456151943987194, 43.442361016078991 ], [ -80.455908014960812, 43.441529101333892 ], [ -80.455830532019604, 43.440567440421802 ], [ -80.456010490731302, 43.439690640304498 ], [ -80.456232300325894, 43.438918554551897 ], [ -80.457002964808396, 43.436236217398196 ] ] ] } },
{ "type": "Feature", "properties": { "pc": "SOUTHDALE", "area_ha": 131.30012697025651, "alive": 1273, "total": 1687, "removed": 414, "diversity": 2.6677971212457039, "last_insp": 2022.0, "dens": 9.6953447751682162, "attrition": 24.540604623592174, "backlog": 4.0, "I_deficit": 0.57593117838777752, "I_attrition": 0.51946081593110305, "I_monoculture": 0.10467904306045772, "I_backlog": 0.1875, "score": 0.34689275934483454, "rank": 45, "priority": "Low" }, "geometry": { "type": "Polygon", "coordinates": [ [ [ -80.478598111635804, 43.434467046871895 ], [ -80.473710918003206, 43.430009127204102 ], [ -80.484439160285305, 43.427896392458493 ], [ -80.490706585825194, 43.430039176717798 ], [ -80.496563440352602, 43.431263264241593 ], [ -80.496633474083794, 43.43136845216511 ], [ -80.498997080612597, 43.433546825972108 ], [ -80.499235525849699, 43.433604137019792 ], [ -80.499481526139107, 43.433622769025803 ], [ -80.499734931278894, 43.433620366058292 ], [ -80.500035819744994, 43.433716660202407 ], [ -80.500637455128697, 43.43421181827609 ], [ -80.500322175648407, 43.434626177411793 ], [ -80.500300680728714, 43.434721070164002 ], [ -80.500282735284316, 43.43480029748379 ], [ -80.500282046858203, 43.4349091320138 ], [ -80.500293203164205, 43.4349894848826 ], [ -80.500329675311093, 43.435089031845699 ], [ -80.500438917923901, 43.435259749725596 ], [ -80.500488493069597, 43.435314792155793 ], [ -80.500561540600899, 43.43537767701239 ], [ -80.500635771345998, 43.435432466871603 ], [ -80.50074664344271, 43.435504971963795 ], [ -80.500685214782294, 43.435590137319295 ], [ -80.500607359895994, 43.435753014290803 ], [ -80.500498438100806, 43.435877224294295 ], [ -80.500439600387807, 43.435932693603213 ], [ -80.497834872634201, 43.436849535663583 ], [ -80.497029571189103, 43.437140111996705 ], [ -80.496756341175413, 43.437307796523605 ], [ -80.496339519814001, 43.437588101017603 ], [ -80.496217195157598, 43.437656340878092 ], [ -80.495805198485598, 43.437834216702605 ], [ -80.495270912455098, 43.438001376370885 ], [ -80.494956635775196, 43.438140788431994 ], [ -80.494662850767, 43.438254814866902 ], [ -80.494167533029497, 43.438489303487501 ], [ -80.493639981653402, 43.438862191890607 ], [ -80.493169924215806, 43.438866785758286 ], [ -80.492667070074503, 43.438456074355599 ], [ -80.492517548427003, 43.438302230884602 ], [ -80.491583666799997, 43.436924987536784 ], [ -80.4911717723691, 43.436289197678903 ], [ -80.488373221935106, 43.437313600791597 ], [ -80.488090665460902, 43.436898852200684 ], [ -80.487873030356198, 43.436977573930591 ], [ -80.487182975963506, 43.435963729017587 ], [ -80.487300735205807, 43.435921129673289 ], [ -80.486373998911304, 43.435085999166496 ], [ -80.486211337559993, 43.435057261907602 ], [ -80.485126208529294, 43.434066543764196 ], [ -80.484996926128403, 43.434069889267597 ], [ -80.484963847553303, 43.434160077760595 ], [ -80.484076421868707, 43.434018608002383 ], [ -80.483913766097402, 43.433997113191893 ], [ -80.483794599321797, 43.434140261784002 ], [ -80.483639977026002, 43.434360310842294 ], [ -80.483060466104206, 43.434264001568103 ], [ -80.478842215717194, 43.4336354835119 ], [ -80.478598111635804, 43.434467046871895 ] ] ] } },
{ "type": "Feature", "properties": { "pc": "BRIGADOON", "area_ha": 229.21492137042031, "alive": 1130, "total": 1318, "removed": 188, "diversity": 2.1801633591562029, "last_insp": 2021.0, "dens": 4.929871027784773, "attrition": 14.264036418816389, "backlog": 5.0, "I_deficit": 0.78581262512290562, "I_attrition": 0.30193257705908699, "I_monoculture": 0.40065026932369219, "I_backlog": 0.25, "score": 0.43459886787642121, "rank": 22, "priority": "Medium" }, "geometry": { "type": "Polygon", "coordinates": [ [ [ -80.453978669581602, 43.390701046934801 ], [ -80.453944101906998, 43.390713344986217 ], [ -80.453772317365505, 43.390709994556701 ], [ -80.453690467496997, 43.390681985588593 ], [ -80.453602388237996, 43.390549061953202 ], [ -80.453613256400899, 43.3904814771387 ], [ -80.453607027935703, 43.390398692748107 ], [ -80.453566367292595, 43.39034863602199 ], [ -80.453412213030802, 43.390320195240911 ], [ -80.453272137401797, 43.390246991261698 ], [ -80.453214334462004, 43.390169208371994 ], [ -80.453125699999703, 43.390121142253797 ], [ -80.453153880868996, 43.390028613088496 ], [ -80.453199010523804, 43.389968779271094 ], [ -80.453261211834601, 43.389924062329207 ], [ -80.453275886275605, 43.3898113211294 ], [ -80.453201040750599, 43.389741032528299 ], [ -80.453150135944497, 43.389700690390285 ], [ -80.453102899785819, 43.3895877818127 ], [ -80.453011147026899, 43.3894797775542 ], [ -80.452922715955097, 43.3894091826416 ], [ -80.452807694212893, 43.389200878918103 ], [ -80.452712628688204, 43.389085291091099 ], [ -80.452586630098807, 43.388977061396403 ], [ -80.452408805688293, 43.388911051078303 ], [ -80.452330090900602, 43.388878216898703 ], [ -80.4521691946305, 43.388837321885397 ], [ -80.451916195820104, 43.388730938184189 ], [ -80.451722580598499, 43.388630605742101 ], [ -80.451661499678806, 43.388675615730392 ], [ -80.451613472774511, 43.388686377192101 ], [ -80.451512302366396, 43.388707088548692 ], [ -80.451492961757594, 43.388711047918491 ], [ -80.451374087195504, 43.388651006698701 ], [ -80.451311168108603, 43.388620911127198 ], [ -80.451285492270998, 43.388609217292995 ], [ -80.451221631326604, 43.388580132298195 ], [ -80.451170350163395, 43.388559412100491 ], [ -80.451091773549706, 43.388527663397994 ], [ -80.451039265972199, 43.388509952091901 ], [ -80.451005446751196, 43.388498544615601 ], [ -80.450961838005398, 43.388483835022988 ], [ -80.450894642010013, 43.388505500855686 ], [ -80.450778036751103, 43.388543097531603 ], [ -80.450724180788995, 43.388560462072498 ], [ -80.45058200730071, 43.388559779136202 ], [ -80.450524920178395, 43.3885517600676 ], [ -80.450455899884318, 43.388542064817095 ], [ -80.450286359026407, 43.38849787225341 ], [ -80.450310536464897, 43.38837816782091 ], [ -80.450331294032395, 43.388275394492098 ], [ -80.450354242135703, 43.3881617752998 ], [ -80.450388469119602, 43.3879901979669 ], [ -80.450115327867195, 43.387828685801793 ], [ -80.449838289195895, 43.387719679805507 ], [ -80.449735493943308, 43.38769409671761 ], [ -80.449438040740304, 43.387567547982989 ], [ -80.449181779088704, 43.387433624447283 ], [ -80.449084936865304, 43.387380136701886 ], [ -80.4489395031963, 43.387299820618104 ], [ -80.448788378791903, 43.387289041261894 ], [ -80.448568323648303, 43.387322843167098 ], [ -80.448455571243102, 43.387279935959896 ], [ -80.448332610432999, 43.387209231556902 ], [ -80.448250716884004, 43.387153572771197 ], [ -80.448243243934598, 43.387141537690106 ], [ -80.448206901478599, 43.387055886578999 ], [ -80.448121654519397, 43.387005525624502 ], [ -80.4480635791016, 43.386985829517293 ], [ -80.448034025303599, 43.386975811397896 ], [ -80.454699442904101, 43.385630985857794 ], [ -80.454581213464806, 43.385297646589891 ], [ -80.454558162891999, 43.385232657081097 ], [ -80.452960129610105, 43.380726737479101 ], [ -80.452877537573698, 43.380493838118404 ], [ -80.4509727425542, 43.37512202589069 ], [ -80.450805526954198, 43.37465029159091 ], [ -80.453517913165101, 43.374089273948904 ], [ -80.454062625718194, 43.373931341383191 ], [ -80.454552978267699, 43.37384034751139 ], [ -80.456335819597598, 43.373500343721389 ], [ -80.456377063896795, 43.373492478043303 ], [ -80.456457550847105, 43.373477127044296 ], [ -80.457575560317693, 43.375949670295896 ], [ -80.457652407635194, 43.376119577632394 ], [ -80.458265226264402, 43.377474439783896 ], [ -80.4592488896117, 43.377771037797594 ], [ -80.459565602143201, 43.377866583505501 ], [ -80.459620518407405, 43.377925874527101 ], [ -80.459985283548093, 43.378321587617606 ], [ -80.460408843817703, 43.378742387498995 ], [ -80.461001801823897, 43.379352205655699 ], [ -80.461505824412299, 43.3798498684911 ], [ -80.461980722198604, 43.380230614190303 ], [ -80.462464698092404, 43.380547274533498 ], [ -80.462479854617001, 43.3805581357298 ], [ -80.462486154469119, 43.380562177259598 ], [ -80.462851598029701, 43.380796612154803 ], [ -80.463458666298393, 43.381178167905603 ], [ -80.464812185060595, 43.382009613803184 ], [ -80.466881393400001, 43.383373252155991 ], [ -80.467358546364594, 43.3836830465414 ], [ -80.467876911004197, 43.384018112092285 ], [ -80.468046800589505, 43.384157239889703 ], [ -80.468273663633099, 43.384352788554295 ], [ -80.468443508014005, 43.384534179978999 ], [ -80.468609917326901, 43.384745656078998 ], [ -80.468741587298496, 43.384936130269296 ], [ -80.468860724789707, 43.385138123453892 ], [ -80.468928323957797, 43.385273888480199 ], [ -80.468988665260696, 43.385394972638295 ], [ -80.469063427915401, 43.385556426477599 ], [ -80.469096469875893, 43.385711122751594 ], [ -80.469142514973797, 43.385952138352501 ], [ -80.469161266985097, 43.38616794453079 ], [ -80.469159603516005, 43.386358570895204 ], [ -80.469145874396602, 43.386628251215001 ], [ -80.469115887839095, 43.386790190291194 ], [ -80.469072981728999, 43.386977538502499 ], [ -80.469014343190196, 43.387148605704795 ], [ -80.468944384644502, 43.387304444558296 ], [ -80.468817111792205, 43.387557516020401 ], [ -80.468704443311495, 43.387735279423097 ], [ -80.468572682575896, 43.387917583416588 ], [ -80.4683609283463, 43.388171293933098 ], [ -80.468135540670403, 43.388383363831004 ], [ -80.467903466144506, 43.388567414635098 ], [ -80.467673508831496, 43.388723793274302 ], [ -80.467293811315699, 43.388939672295891 ], [ -80.467202421788897, 43.38898956641291 ], [ -80.467092586604196, 43.38907765831749 ], [ -80.466907193750799, 43.389220349535798 ], [ -80.466389584188903, 43.3896964097557 ], [ -80.466373435094397, 43.389711262442795 ], [ -80.466364549128897, 43.389724911086695 ], [ -80.466177708014996, 43.39001189094629 ], [ -80.465990688446809, 43.390299560014796 ], [ -80.465982549406206, 43.390322555179395 ], [ -80.465890911930799, 43.390671397143905 ], [ -80.4658899223883, 43.390701446174702 ], [ -80.465898006059405, 43.391149783105689 ], [ -80.465899776848701, 43.391169604986693 ], [ -80.466035319397704, 43.391628805660901 ], [ -80.466242332597304, 43.392044129721803 ], [ -80.466301017801598, 43.392161384497001 ], [ -80.466322556024096, 43.392203234308496 ], [ -80.466305879875307, 43.392217641131602 ], [ -80.46583198978, 43.392427016733699 ], [ -80.465240524716705, 43.393042427963906 ], [ -80.464509347181405, 43.394110852259089 ], [ -80.464472463388205, 43.394158559477106 ], [ -80.464075463520302, 43.394616755050293 ], [ -80.463632155964106, 43.39504205726579 ], [ -80.4631749320436, 43.395410484550801 ], [ -80.462928671995996, 43.395612884880613 ], [ -80.4619881185764, 43.396395283266806 ], [ -80.461242367127895, 43.397018828710699 ], [ -80.460864287762803, 43.397200972288204 ], [ -80.460376514858197, 43.397359718080708 ], [ -80.458472126414705, 43.397734586496703 ], [ -80.456802213757001, 43.397972531222798 ], [ -80.455576387227595, 43.398160888174395 ], [ -80.454953274067094, 43.398266375952403 ], [ -80.455162595654699, 43.397633561876802 ], [ -80.455182896232216, 43.397572305857608 ], [ -80.455451865628405, 43.396761109145501 ], [ -80.455409093858108, 43.395454177064408 ], [ -80.455406078956898, 43.395359004358291 ], [ -80.455402547574295, 43.395116188168302 ], [ -80.455397623745498, 43.394768211444102 ], [ -80.455404412153399, 43.394685343053894 ], [ -80.455423961398694, 43.394452360972004 ], [ -80.455434528946014, 43.394325266778381 ], [ -80.455451464935393, 43.394122532186593 ], [ -80.455435285398394, 43.393956240463801 ], [ -80.455426281394907, 43.393864575244699 ], [ -80.455459863771097, 43.3937074671991 ], [ -80.455462838963797, 43.393693849843999 ], [ -80.455493648230402, 43.393570438015594 ], [ -80.455498555740604, 43.393550751670105 ], [ -80.455561380401605, 43.393298714620585 ], [ -80.455567981343194, 43.393272230625499 ], [ -80.455584919927304, 43.393204270943393 ], [ -80.455727000306794, 43.392633833832789 ], [ -80.455747523369695, 43.392551434366183 ], [ -80.455802207559699, 43.392331882219509 ], [ -80.455814873401195, 43.392281028189203 ], [ -80.455881982044701, 43.391979357067001 ], [ -80.455752486775907, 43.391936005574102 ], [ -80.455708128953503, 43.391905869338693 ], [ -80.455588743301902, 43.391825159290605 ], [ -80.455530874198203, 43.391769804876503 ], [ -80.455466217597504, 43.391704400427308 ], [ -80.455408456684907, 43.391629089190296 ], [ -80.455347052967497, 43.391591235397193 ], [ -80.454991702516494, 43.391414226832495 ], [ -80.454882483546896, 43.3913436696036 ], [ -80.454732506295699, 43.391220253105409 ], [ -80.454538752343097, 43.39100905357099 ], [ -80.454446628017905, 43.390938612133105 ], [ -80.454217537574607, 43.390857263602904 ], [ -80.454170157531607, 43.390754570505699 ], [ -80.454098251552296, 43.390746579243903 ], [ -80.454046941038996, 43.390736273487008 ], [ -80.453978669581602, 43.390701046934801 ] ] ] } },
{ "type": "Feature", "properties": { "pc": "MEINZINGER PARK-LAKESIDE", "area_ha": 126.25389651587597, "alive": 1021, "total": 1268, "removed": 247, "diversity": 1.8705632330336108, "last_insp": 2022.0, "dens": 8.0868791235414506, "attrition": 19.479495268138802, "backlog": 4.0, "I_deficit": 0.64677137516203187, "I_attrition": 0.41233028530135213, "I_monoculture": 0.58856328130857027, "I_backlog": 0.1875, "score": 0.45879123544298861, "rank": 20, "priority": "Medium" }, "geometry": { "type": "Polygon", "coordinates": [ [ [ -80.500637455128697, 43.43421181827609 ], [ -80.500035819744994, 43.433716660202407 ], [ -80.499734931278894, 43.433620366058292 ], [ -80.499481526139107, 43.433622769025803 ], [ -80.499235525849699, 43.433604137019792 ], [ -80.498997080612597, 43.433546825972108 ], [ -80.496633474083794, 43.43136845216511 ], [ -80.496563440352602, 43.431263264241593 ], [ -80.490706585825194, 43.430039176717798 ], [ -80.484439160285305, 43.427896392458493 ], [ -80.491543500175695, 43.426451418610895 ], [ -80.491587252158695, 43.426442518412692 ], [ -80.492030363670494, 43.426352376150803 ], [ -80.492967449453104, 43.426161737766897 ], [ -80.494752600066704, 43.425704024773701 ], [ -80.495429420644001, 43.42547352267399 ], [ -80.496132772458594, 43.425233978848603 ], [ -80.500099231694904, 43.423882985054497 ], [ -80.502819508168002, 43.423225683861908 ], [ -80.502878619872504, 43.423433902961385 ], [ -80.503398309147101, 43.4239999012228 ], [ -80.503936393415302, 43.424659514807303 ], [ -80.504512104490402, 43.425365740733596 ], [ -80.504658021006804, 43.425536250081798 ], [ -80.5063339581436, 43.427560162111206 ], [ -80.507509033323103, 43.42896116615259 ], [ -80.507837596958296, 43.4293745389758 ], [ -80.509016542518594, 43.431124482056184 ], [ -80.509494772433001, 43.431830447174796 ], [ -80.509666295462196, 43.432076051488195 ], [ -80.509816400501506, 43.432374949465292 ], [ -80.510116904354405, 43.433429534459698 ], [ -80.508221269363602, 43.434105594722794 ], [ -80.508109210687905, 43.434141573497691 ], [ -80.5080475311605, 43.434159043280204 ], [ -80.507647430085299, 43.433781553424602 ], [ -80.507185398458304, 43.434042707529493 ], [ -80.507101832911601, 43.433970146850797 ], [ -80.506285540982205, 43.434394157105103 ], [ -80.505636271880306, 43.434750915649403 ], [ -80.505066452294898, 43.43470955885099 ], [ -80.504735878992193, 43.434578399838792 ], [ -80.504561428414803, 43.434456289840696 ], [ -80.502361644855597, 43.432921614633003 ], [ -80.501130050072305, 43.433872397139609 ], [ -80.501075693367511, 43.433914359530299 ], [ -80.500637455128697, 43.43421181827609 ] ] ] } },
{ "type": "Feature", "properties": { "pc": "VANIER", "area_ha": 350.62193849384363, "alive": 2199, "total": 2813, "removed": 614, "diversity": 2.1847337811737453, "last_insp": 2023.0, "dens": 6.2717125158972644, "attrition": 21.827230714539635, "backlog": 3.0, "I_deficit": 0.72671511504452169, "I_attrition": 0.46202574265798652, "I_monoculture": 0.3978762337374846, "I_backlog": 0.125, "score": 0.42790427285999821, "rank": 24, "priority": "Medium" }, "geometry": { "type": "Polygon", "coordinates": [ [ [ -80.442873157212702, 43.431740615219503 ], [ -80.441229916458198, 43.4311418525688 ], [ -80.440737521300903, 43.430899075149696 ], [ -80.439753387956401, 43.430343574494401 ], [ -80.439126593881099, 43.429938805257798 ], [ -80.4386614811432, 43.429557157324787 ], [ -80.436497355518398, 43.427353580715888 ], [ -80.435828941184695, 43.426839566909798 ], [ -80.4356665117419, 43.426098845440691 ], [ -80.435721520726602, 43.425495764759511 ], [ -80.435709693985501, 43.425441691182186 ], [ -80.435710530163206, 43.425351673051807 ], [ -80.4356988219714, 43.425279590126799 ], [ -80.4356871161241, 43.425207515953709 ], [ -80.4356507047832, 43.425135315195398 ], [ -80.4356020536312, 43.425053960169294 ], [ -80.435479831665106, 43.424909315313698 ], [ -80.435369530896196, 43.424818748490203 ], [ -80.434522234283406, 43.424265315114503 ], [ -80.435140118533397, 43.423797146875302 ], [ -80.435228113514597, 43.423745779254006 ], [ -80.4382247634028, 43.421996370619894 ], [ -80.438894093014895, 43.4217565886998 ], [ -80.440895278804803, 43.421396532584801 ], [ -80.442772681427499, 43.421058711369589 ], [ -80.442791866152604, 43.421055258929314 ], [ -80.453703268160695, 43.419214567722499 ], [ -80.453922043884702, 43.419177649728702 ], [ -80.454074688329101, 43.4191518909224 ], [ -80.454343151166498, 43.419144887908701 ], [ -80.454564600382398, 43.419155848918699 ], [ -80.454835910564498, 43.419193613652794 ], [ -80.455033387866393, 43.419221100363586 ], [ -80.455396839242397, 43.419185561162102 ], [ -80.455777616630797, 43.418978154571704 ], [ -80.455963534198801, 43.418907468562892 ], [ -80.459605731621096, 43.418307853152299 ], [ -80.4597739164617, 43.4184490991885 ], [ -80.461689613281493, 43.420038313486209 ], [ -80.463217541432002, 43.421305761445495 ], [ -80.463586083280205, 43.421611463774497 ], [ -80.464199093637603, 43.422111901473706 ], [ -80.464771052970804, 43.422594356564012 ], [ -80.473710918003206, 43.430009127204102 ], [ -80.471817614056604, 43.430335833348003 ], [ -80.469689834117005, 43.430596419523305 ], [ -80.466542622839597, 43.430821521350303 ], [ -80.464418657005794, 43.430945549945399 ], [ -80.462477438360509, 43.431174471197991 ], [ -80.4611267964017, 43.431554863773989 ], [ -80.459938354704207, 43.432069872654196 ], [ -80.459076016657605, 43.432631160956795 ], [ -80.458129412628494, 43.433534044021592 ], [ -80.457403925813196, 43.4347504494555 ], [ -80.457002964808396, 43.436236217398196 ], [ -80.442873157212702, 43.431740615219503 ] ] ] } },
{ "type": "Feature", "properties": { "pc": "HIDDEN VALLEY", "area_ha": 218.77178292987421, "alive": 251, "total": 281, "removed": 30, "diversity": 2.2527709995529657, "last_insp": 2022.0, "dens": 1.1473143228917064, "attrition": 10.676156583629894, "backlog": 4.0, "I_deficit": 0.95240434625378212, "I_attrition": 0.22598648627463275, "I_monoculture": 0.35658077694025547, "I_backlog": 0.1875, "score": 0.43061790236716757, "rank": 23, "priority": "Medium" }, "geometry": { "type": "Polygon", "coordinates": [ [ [ -80.417313059107599, 43.420688716460091 ], [ -80.417341901453298, 43.420448355716999 ], [ -80.417552855573007, 43.418690286951794 ], [ -80.4169465121212, 43.416606430250496 ], [ -80.415848587551295, 43.414976763404702 ], [ -80.416086390037208, 43.411958153829602 ], [ -80.416534065225605, 43.411250877265608 ], [ -80.416774256794596, 43.410871393933107 ], [ -80.4169022288782, 43.410669206009395 ], [ -80.417111027017299, 43.410339315417701 ], [ -80.417561046036397, 43.4099677579634 ], [ -80.417953395112406, 43.409643810626491 ], [ -80.419004826395806, 43.408775661245201 ], [ -80.419827361128498, 43.408584149041189 ], [ -80.420846937493806, 43.408346748878898 ], [ -80.421352584119404, 43.408229009261404 ], [ -80.42263143155472, 43.407931217623208 ], [ -80.423122438488306, 43.408055127417995 ], [ -80.424034253060597, 43.408285224682103 ], [ -80.429860665326899, 43.409755312181396 ], [ -80.431924657522103, 43.412424137608092 ], [ -80.433925782954603, 43.416121068985291 ], [ -80.4339151196084, 43.41650047257 ], [ -80.435315943413599, 43.420851591820806 ], [ -80.435600109102396, 43.421655931780293 ], [ -80.435461893951, 43.421884455051398 ], [ -80.435131049197594, 43.422500543698192 ], [ -80.434986024761599, 43.422770599363993 ], [ -80.434331801664598, 43.4241053880164 ], [ -80.434522234283406, 43.424265315114503 ], [ -80.435369530896196, 43.424818748490203 ], [ -80.435479831665106, 43.424909315313698 ], [ -80.4356020536312, 43.425053960169294 ], [ -80.4356507047832, 43.425135315195398 ], [ -80.4356871161241, 43.425207515953709 ], [ -80.4356988219714, 43.425279590126799 ], [ -80.435710530163206, 43.425351673051807 ], [ -80.435709693985501, 43.425441691182186 ], [ -80.435721520726602, 43.425495764759511 ], [ -80.4356665117419, 43.426098845440691 ], [ -80.435828941184695, 43.426839566909798 ], [ -80.435610412384506, 43.426698318781497 ], [ -80.434968579235303, 43.426274640995587 ], [ -80.434906433087306, 43.426242105345693 ], [ -80.434312361917307, 43.425930918693297 ], [ -80.434248336825306, 43.425903325667996 ], [ -80.433491317994296, 43.425576385368906 ], [ -80.433431174507803, 43.4255480907402 ], [ -80.432454792834804, 43.425204391891192 ], [ -80.432394071302497, 43.4251830242399 ], [ -80.427948754541006, 43.424035103712491 ], [ -80.421950538137295, 43.422535001878202 ], [ -80.420052470632498, 43.421894223259592 ], [ -80.418626062890993, 43.421286145755793 ], [ -80.417313059107599, 43.420688716460091 ] ] ] } },
{ "type": "Feature", "properties": { "pc": "STANLEY PARK", "area_ha": 326.90960123107561, "alive": 2432, "total": 3022, "removed": 590, "diversity": 2.3375505803490126, "last_insp": 2022.0, "dens": 7.4393654724167737, "attrition": 19.523494374586367, "backlog": 4.0, "I_deficit": 0.67528923279442576, "I_attrition": 0.41326163202593608, "I_monoculture": 0.30512347754661029, "I_backlog": 0.1875, "score": 0.39529358559174305, "rank": 36, "priority": "Low" }, "geometry": { "type": "Polygon", "coordinates": [ [ [ -80.428376421249695, 43.441720049766502 ], [ -80.433803047021399, 43.438635590837393 ], [ -80.433873279381999, 43.438600017864196 ], [ -80.434322694086802, 43.438308310804295 ], [ -80.4351166512417, 43.437792967228589 ], [ -80.435273918158501, 43.437721723663493 ], [ -80.436476190174204, 43.437013665443914 ], [ -80.437345069173503, 43.436523073691696 ], [ -80.437870015971697, 43.436257829529097 ], [ -80.439794968400605, 43.435168694850908 ], [ -80.440979928449593, 43.434503534125291 ], [ -80.441137189600994, 43.43440977426539 ], [ -80.441186233702297, 43.4343833683076 ], [ -80.441310851826103, 43.434293681165705 ], [ -80.441423858847102, 43.434158922611687 ], [ -80.441461233534497, 43.434105179783302 ], [ -80.4418125617795, 43.433503637751301 ], [ -80.4422015282789, 43.4328747244884 ], [ -80.442251844614702, 43.432776393628593 ], [ -80.442276846920606, 43.432749506246999 ], [ -80.442766540717201, 43.431923569411694 ], [ -80.442873157212702, 43.431740615219503 ], [ -80.457002964808396, 43.436236217398196 ], [ -80.456232300325894, 43.438918554551897 ], [ -80.456010490731302, 43.439690640304498 ], [ -80.455830532019604, 43.440567440421802 ], [ -80.455908014960812, 43.441529101333892 ], [ -80.456151943987194, 43.442361016078991 ], [ -80.456382563675902, 43.442973203055104 ], [ -80.456806974009694, 43.443623044508996 ], [ -80.458018571791598, 43.444663183054793 ], [ -80.460737215867596, 43.446582865298993 ], [ -80.460612961186399, 43.446632152744193 ], [ -80.460439981717101, 43.446694352856284 ], [ -80.460340122267894, 43.446739076191896 ], [ -80.460277948375406, 43.446774702827199 ], [ -80.460203623214497, 43.446801448102285 ], [ -80.460141325281398, 43.446828249528096 ], [ -80.460079660712395, 43.446863879042297 ], [ -80.459892556743, 43.446944380518509 ], [ -80.459745693914996, 43.447014716768003 ], [ -80.459669982510405, 43.447060000044701 ], [ -80.459360265790593, 43.447256412712996 ], [ -80.459098718854307, 43.44739930663799 ], [ -80.458254859443102, 43.447851559272387 ], [ -80.457779617087297, 43.4481191137792 ], [ -80.457682760518296, 43.448158176387793 ], [ -80.4575812600131, 43.448203516053702 ], [ -80.4574775298329, 43.448236152879993 ], [ -80.457397276527018, 43.448264852714601 ], [ -80.4573102330762, 43.448300539806986 ], [ -80.457178809743297, 43.448341325119408 ], [ -80.457038214986696, 43.448371175490394 ], [ -80.456815189490698, 43.448433226289396 ], [ -80.456603946810603, 43.448477323367094 ], [ -80.456367573801501, 43.448505100394001 ], [ -80.456292911866896, 43.448512125144703 ], [ -80.456178733946999, 43.448527696716901 ], [ -80.456074164935501, 43.4485285497707 ], [ -80.455937025725802, 43.448536811666003 ], [ -80.455465743590921, 43.448530876793399 ], [ -80.455394762215406, 43.448525586499883 ], [ -80.455294260906797, 43.448516016911682 ], [ -80.455235027531501, 43.448507180624105 ], [ -80.454884374533705, 43.448459868006594 ], [ -80.454018710381803, 43.448317730453809 ], [ -80.453647285580402, 43.448256808486597 ], [ -80.453417820862697, 43.4482188913789 ], [ -80.453270758422903, 43.448186229741808 ], [ -80.453056253167006, 43.448150544544504 ], [ -80.452763571242798, 43.448173002182685 ], [ -80.452290733927299, 43.448238436961297 ], [ -80.452047870041397, 43.448296147469506 ], [ -80.450929217707198, 43.44863341885371 ], [ -80.450812901996997, 43.448671481735104 ], [ -80.448705017306693, 43.449409540297886 ], [ -80.446153285551105, 43.4502889973419 ], [ -80.444333783621104, 43.450918359298292 ], [ -80.441369832719204, 43.451958292370698 ], [ -80.440588620184499, 43.452215728819276 ], [ -80.440273444749394, 43.451657559186408 ], [ -80.440237286418906, 43.451622092189282 ], [ -80.440212655879421, 43.45158569139609 ], [ -80.440175891502804, 43.45154950104169 ], [ -80.440151340911001, 43.451503919980304 ], [ -80.439330530243197, 43.450752957926504 ], [ -80.4335582318446, 43.445501963502906 ], [ -80.433532728958312, 43.445482931502291 ], [ -80.433235676376597, 43.445221197456299 ], [ -80.432651738261001, 43.444700745788495 ], [ -80.431751773006596, 43.443857423152998 ], [ -80.431585301586296, 43.443646743271096 ], [ -80.4314925362699, 43.443509174308403 ], [ -80.431413987199321, 43.443376448708598 ], [ -80.431357632226806, 43.443268047464798 ], [ -80.431311501576005, 43.44324333008619 ], [ -80.431239882543593, 43.443219389296303 ], [ -80.431016675881295, 43.443256716780802 ], [ -80.430850347346194, 43.443270656085808 ], [ -80.430643101136695, 43.443279075480199 ], [ -80.430373588938195, 43.443277733256686 ], [ -80.430106222097095, 43.443242642121703 ], [ -80.429588723919906, 43.443139144586794 ], [ -80.429567907034098, 43.4431313870883 ], [ -80.428637472232595, 43.442977388351501 ], [ -80.428747463512707, 43.442561662138303 ], [ -80.428764094059801, 43.442440571820697 ], [ -80.428759135154095, 43.442350340891593 ], [ -80.428751549144806, 43.44227927294569 ], [ -80.428758204392196, 43.4422323141766 ], [ -80.428376421249695, 43.441720049766502 ] ] ] } },
{ "type": "Feature", "properties": { "pc": "ALPINE", "area_ha": 174.89616329884979, "alive": 527, "total": 703, "removed": 176, "diversity": 1.9757314010635196, "last_insp": 2021.0, "dens": 3.0132164711898275, "attrition": 25.035561877667138, "backlog": 5.0, "I_deficit": 0.87022610687810265, "I_attrition": 0.52993777454709512, "I_monoculture": 0.52473104885138255, "I_backlog": 0.25, "score": 0.54372373256914508, "rank": 14, "priority": "High" }, "geometry": { "type": "Polygon", "coordinates": [ [ [ -80.464199093637603, 43.422111901473706 ], [ -80.465332360966698, 43.421819965767895 ], [ -80.465858817270004, 43.421690810754988 ], [ -80.466186320681999, 43.421620049021499 ], [ -80.466414653934606, 43.421602388992206 ], [ -80.466729302026494, 43.421627080625704 ], [ -80.466861841449202, 43.421663309361591 ], [ -80.467076436970402, 43.421721966397499 ], [ -80.467353119845214, 43.421870809268491 ], [ -80.467812974320296, 43.422250142660495 ], [ -80.467843726203199, 43.422275509075398 ], [ -80.468159679777301, 43.422531614405898 ], [ -80.468193381034993, 43.422558931760101 ], [ -80.469196308591094, 43.423405225948393 ], [ -80.469427441677396, 43.423323004400999 ], [ -80.470828089811903, 43.422824739778591 ], [ -80.473297204895502, 43.421946863780192 ], [ -80.473386206161194, 43.4219153154976 ], [ -80.473586138429994, 43.421836291340398 ], [ -80.473561197492401, 43.421811524096896 ], [ -80.473139179643098, 43.4213924421326 ], [ -80.473082475338003, 43.421336132256293 ], [ -80.472909964638404, 43.421148633596793 ], [ -80.472841494745495, 43.4210742145411 ], [ -80.472795492575599, 43.421021197871084 ], [ -80.472664091464395, 43.420869760209492 ], [ -80.472335347114097, 43.42043328272139 ], [ -80.471689613241196, 43.419575914538498 ], [ -80.471465346186406, 43.419279734795893 ], [ -80.471297369998595, 43.419057893124403 ], [ -80.470864221928494, 43.4185286194284 ], [ -80.4707725704599, 43.4184142644554 ], [ -80.470808075795503, 43.418405689262585 ], [ -80.472086431708206, 43.41809693609239 ], [ -80.472650422313194, 43.417960713388496 ], [ -80.473184470887404, 43.417831719677494 ], [ -80.473795449847898, 43.417686407151791 ], [ -80.475660820077394, 43.417242731952292 ], [ -80.475709527287705, 43.4172311463036 ], [ -80.478209193005299, 43.416639405922197 ], [ -80.478259387124609, 43.416630364476902 ], [ -80.478344554520305, 43.416604463392801 ], [ -80.478422412537313, 43.416576461616998 ], [ -80.478459142476098, 43.416564501214296 ], [ -80.478556014331105, 43.416532956645582 ], [ -80.478617581852106, 43.4165153223991 ], [ -80.478816916560802, 43.416443763383199 ], [ -80.478891272412397, 43.41640809162989 ], [ -80.478953250629502, 43.416390368735307 ], [ -80.479015895135902, 43.416354283934702 ], [ -80.479101040238007, 43.416319381572201 ], [ -80.479201248296505, 43.416274463074103 ], [ -80.479587116827602, 43.416063541722892 ], [ -80.479867551108001, 43.415894955416604 ], [ -80.479994812862998, 43.416006558672393 ], [ -80.480983785190006, 43.416897895807097 ], [ -80.481772844529615, 43.417580990336901 ], [ -80.485233744400603, 43.420684436723185 ], [ -80.486995879105706, 43.42226206894339 ], [ -80.4871467799925, 43.42239537762309 ], [ -80.487596166615603, 43.422787385620197 ], [ -80.487692746657402, 43.422883710617803 ], [ -80.488175024007006, 43.423360320278015 ], [ -80.488191206216598, 43.423376311901684 ], [ -80.4902073880085, 43.425219409522391 ], [ -80.491543500175695, 43.426451418610895 ], [ -80.484439160285305, 43.427896392458493 ], [ -80.473710918003206, 43.430009127204102 ], [ -80.464771052970804, 43.422594356564012 ], [ -80.464199093637603, 43.422111901473706 ] ] ] } },
{ "type": "Feature", "properties": { "pc": "PIONEER TOWER WEST", "area_ha": 542.03874897937089, "alive": 1673, "total": 1914, "removed": 241, "diversity": 2.6009160186936011, "last_insp": 2022.0, "dens": 3.0864952056475055, "attrition": 12.591431556948798, "backlog": 4.0, "I_deficit": 0.86699875790543413, "I_attrition": 0.26652787943233025, "I_monoculture": 0.14527279081771372, "I_backlog": 0.1875, "score": 0.36657485703886955, "rank": 42, "priority": "Low" }, "geometry": { "type": "Polygon", "coordinates": [ [ [ -80.397209986249919, 43.407976135550705 ], [ -80.396756605655099, 43.407492109509803 ], [ -80.3963693719639, 43.407136174548604 ], [ -80.396021404399093, 43.406898467816198 ], [ -80.395713178783097, 43.406719938857599 ], [ -80.395446751105609, 43.406588171800095 ], [ -80.394652738515504, 43.406329830917386 ], [ -80.393543072952212, 43.40611815021299 ], [ -80.392300644021901, 43.405893694590191 ], [ -80.390925784619895, 43.405644208107987 ], [ -80.389849849751002, 43.405372175931298 ], [ -80.389319890719506, 43.405260415334986 ], [ -80.388211012337194, 43.40496397644381 ], [ -80.3861264502072, 43.404335498610486 ], [ -80.384389530739597, 43.403793477899903 ], [ -80.382288450759305, 43.403164841105699 ], [ -80.381146328635396, 43.402880216880092 ], [ -80.380352673065701, 43.4025975561755 ], [ -80.379807988047105, 43.402316154183595 ], [ -80.378435246031501, 43.401710485234595 ], [ -80.379065083719595, 43.401363238789699 ], [ -80.379065444026594, 43.401331089866289 ], [ -80.379773774337806, 43.400970318849097 ], [ -80.380452075349496, 43.400595100842594 ], [ -80.381054170145106, 43.400260983598102 ], [ -80.3817684560874, 43.399877033448895 ], [ -80.383867680410106, 43.398682966592695 ], [ -80.385629972634504, 43.3976998038166 ], [ -80.385905004294713, 43.397546360337984 ], [ -80.3859147695769, 43.397567449415789 ], [ -80.385920627691704, 43.397580096794897 ], [ -80.387232111098896, 43.400411885866795 ], [ -80.388020885283595, 43.401190872313194 ], [ -80.388624504745493, 43.40162177843581 ], [ -80.388920209781304, 43.401832870750397 ], [ -80.388995376046793, 43.401886527782601 ], [ -80.389251233587203, 43.402069171766001 ], [ -80.390265525174797, 43.402429736792698 ], [ -80.390413967010204, 43.402414139587698 ], [ -80.391555132988103, 43.402294223802492 ], [ -80.391727545392698, 43.402276105798094 ], [ -80.391811801005005, 43.402248163743693 ], [ -80.391891184349305, 43.402221838130494 ], [ -80.393548115316506, 43.401672339291196 ], [ -80.393741307717406, 43.401551978437496 ], [ -80.394884072604199, 43.40084001243639 ], [ -80.394924182005497, 43.400180188255796 ], [ -80.39493704513221, 43.399968569875085 ], [ -80.394585954066301, 43.399446899867996 ], [ -80.394370102113996, 43.399126168413289 ], [ -80.394371234273393, 43.399012501736102 ], [ -80.394373033880996, 43.39883182314059 ], [ -80.394373722753201, 43.398762660697507 ], [ -80.394379977543494, 43.398134671410403 ], [ -80.394381677481519, 43.397963991861694 ], [ -80.394458220344006, 43.397747312500897 ], [ -80.394686922106999, 43.397099877315995 ], [ -80.394735814453099, 43.396961468742198 ], [ -80.394783264035595, 43.396827140474201 ], [ -80.394791463845806, 43.396803926060997 ], [ -80.394828715303603, 43.396763800723491 ], [ -80.3950442520362, 43.39653163039339 ], [ -80.395373065626998, 43.396177440603587 ], [ -80.395484842596105, 43.396057036114293 ], [ -80.395507204080204, 43.396032948241292 ], [ -80.395541251960509, 43.396031014868491 ], [ -80.3957114529683, 43.396021347649402 ], [ -80.396458070530997, 43.395978940870982 ], [ -80.396941307166401, 43.395951490164698 ], [ -80.397562736125195, 43.395916186811498 ], [ -80.397588184578595, 43.395914740817091 ], [ -80.397686034200902, 43.395949366893689 ], [ -80.397839061152894, 43.396003518556192 ], [ -80.399440361378097, 43.396570150870502 ], [ -80.3996027612436, 43.396608119337991 ], [ -80.400036692321294, 43.396709568018203 ], [ -80.4013855473506, 43.397024907809197 ], [ -80.401559605899195, 43.397065598052997 ], [ -80.402125836723101, 43.396996802904198 ], [ -80.402737063278906, 43.396922536968994 ], [ -80.403580107355594, 43.396820098886593 ], [ -80.403604195314799, 43.396815919439192 ], [ -80.404550527667894, 43.3965186882822 ], [ -80.405298065284597, 43.396283887260203 ], [ -80.4054176624946, 43.396246321556895 ], [ -80.405968686079206, 43.395950845144498 ], [ -80.406173918101501, 43.395840791636985 ], [ -80.407418570900802, 43.395173343478191 ], [ -80.4077639719291, 43.394988116660095 ], [ -80.408220176582503, 43.394743465726997 ], [ -80.409996073239995, 43.39413920513659 ], [ -80.410447056110598, 43.394037862408901 ], [ -80.410469261753207, 43.394032872457593 ], [ -80.410648703369105, 43.393992548723304 ], [ -80.411021997928302, 43.393908660660003 ], [ -80.411365000094506, 43.393831580276796 ], [ -80.411681268860207, 43.393760504948602 ], [ -80.412116046974504, 43.393817192249301 ], [ -80.412133564908601, 43.393819476071791 ], [ -80.412365440166099, 43.393849707854997 ], [ -80.412658083354202, 43.39388786303649 ], [ -80.413228179712902, 43.3939621879451 ], [ -80.413754509833197, 43.394204298593294 ], [ -80.413985763138797, 43.394310673528295 ], [ -80.414433205224313, 43.394516491944387 ], [ -80.414505733536203, 43.394549853786394 ], [ -80.414541112702494, 43.394582584205388 ], [ -80.414763633945896, 43.394788445609201 ], [ -80.415220769229805, 43.395211348160302 ], [ -80.4153755032399, 43.395354494267998 ], [ -80.415558451897894, 43.395523738345901 ], [ -80.415711491535802, 43.397716104052598 ], [ -80.415714007506097, 43.39775214101261 ], [ -80.4157284194836, 43.3977753453971 ], [ -80.416053771527203, 43.398299210674502 ], [ -80.416698051096802, 43.399336564993902 ], [ -80.416740076270301, 43.399404227841096 ], [ -80.416759986475697, 43.399436285332293 ], [ -80.416786452955293, 43.399450643092109 ], [ -80.417034177295093, 43.399585023792092 ], [ -80.417311670243294, 43.399735552548691 ], [ -80.418113871663394, 43.400214060117193 ], [ -80.418454884397903, 43.400417467641702 ], [ -80.419234305626716, 43.400670337954793 ], [ -80.419676459602002, 43.400813783976091 ], [ -80.420156073046201, 43.400969379626702 ], [ -80.420188435271598, 43.400979879019104 ], [ -80.420398900015897, 43.401048156586192 ], [ -80.420498822054896, 43.40104981463999 ], [ -80.420613607691493, 43.401051719263393 ], [ -80.421037682053097, 43.401058754589101 ], [ -80.4217999566076, 43.401071396733599 ], [ -80.423007785865494, 43.4010914168122 ], [ -80.423240093499899, 43.401073578524496 ], [ -80.424948058032399, 43.400942414910084 ], [ -80.425234308852012, 43.400920429458814 ], [ -80.425359201059095, 43.400910837181094 ], [ -80.425577708143905, 43.4008940537367 ], [ -80.426162931690499, 43.400879542454184 ], [ -80.427692008179093, 43.400841610707303 ], [ -80.427820050362897, 43.400838433883976 ], [ -80.427926655968704, 43.400835788466097 ], [ -80.428061973577499, 43.400922856322104 ], [ -80.428150461684695, 43.400979792469506 ], [ -80.428387887414104, 43.401132558756203 ], [ -80.428941851796395, 43.401488989397109 ], [ -80.429562779704611, 43.401888498977485 ], [ -80.429583599753698, 43.401900851855999 ], [ -80.430700477803896, 43.4024803620214 ], [ -80.432178675385217, 43.403614565000098 ], [ -80.432990133473098, 43.403813257815386 ], [ -80.433189565391999, 43.403862089714004 ], [ -80.433972472224298, 43.404053782885001 ], [ -80.435171338342997, 43.405022625928801 ], [ -80.435348131387897, 43.405586163074403 ], [ -80.435377670462202, 43.405680318035095 ], [ -80.435567904002397, 43.406286682696596 ], [ -80.435572807476717, 43.406302313302291 ], [ -80.435744329300405, 43.406849020165197 ], [ -80.435004288515401, 43.40819238605129 ], [ -80.434148064432506, 43.408851869805702 ], [ -80.433300897799, 43.409501360013195 ], [ -80.433275363390806, 43.409520935988091 ], [ -80.432924595154105, 43.4096485728044 ], [ -80.431386643377607, 43.410208178436292 ], [ -80.430916387677996, 43.41006862224399 ], [ -80.429860665326899, 43.409755312181396 ], [ -80.424034253060597, 43.408285224682103 ], [ -80.423122438488306, 43.408055127417995 ], [ -80.42263143155472, 43.407931217623208 ], [ -80.421352584119404, 43.408229009261404 ], [ -80.420846937493806, 43.408346748878898 ], [ -80.419827361128498, 43.408584149041189 ], [ -80.419004826395806, 43.408775661245201 ], [ -80.417953395112406, 43.409643810626491 ], [ -80.417561046036397, 43.4099677579634 ], [ -80.417111027017299, 43.410339315417701 ], [ -80.4169022288782, 43.410669206009395 ], [ -80.416774256794596, 43.410871393933107 ], [ -80.416534065225605, 43.411250877265608 ], [ -80.416086390037208, 43.411958153829602 ], [ -80.415848587551295, 43.414976763404702 ], [ -80.4169465121212, 43.416606430250496 ], [ -80.417552855573007, 43.418690286951794 ], [ -80.417341901453298, 43.420448355716999 ], [ -80.417313059107599, 43.420688716460091 ], [ -80.4172361183427, 43.420655492718502 ], [ -80.415699122754006, 43.419991785467893 ], [ -80.414635994193304, 43.419504979819003 ], [ -80.413361171958698, 43.4188330688268 ], [ -80.411508056363999, 43.417747557252703 ], [ -80.409230317568017, 43.416404965587695 ], [ -80.407878702120797, 43.415661831852894 ], [ -80.407145390492701, 43.415219067753092 ], [ -80.406278340246601, 43.414698659014491 ], [ -80.40540848838252, 43.414176552592885 ], [ -80.405021688717696, 43.413950112051303 ], [ -80.404115262975296, 43.413419459059504 ], [ -80.403458497669106, 43.413090410210792 ], [ -80.402858884195098, 43.412874909379504 ], [ -80.401931808890296, 43.412402923500288 ], [ -80.401347524598293, 43.412027789555594 ], [ -80.400919227682806, 43.411730709735494 ], [ -80.400465109288405, 43.411315473760098 ], [ -80.400038270199602, 43.410861123277087 ], [ -80.398930636532015, 43.409764285336799 ], [ -80.397837073805704, 43.408608541764195 ], [ -80.397209986249919, 43.407976135550705 ] ] ] } },
{ "type": "Feature", "properties": { "pc": "GRAND RIVER NORTH", "area_ha": 277.2273478029486, "alive": 1890, "total": 2340, "removed": 450, "diversity": 2.2949045890067947, "last_insp": 2022.0, "dens": 6.8175092211443715, "attrition": 19.230769230769234, "backlog": 4.0, "I_deficit": 0.70267708478920321, "I_attrition": 0.40706540155879367, "I_monoculture": 0.33100762941231077, "I_backlog": 0.1875, "score": 0.40706252894007688, "rank": 30, "priority": "Medium" }, "geometry": { "type": "Polygon", "coordinates": [ [ [ -80.421028336759406, 43.463159181654888 ], [ -80.422111625000994, 43.462889765822688 ], [ -80.422843290615219, 43.462741410259206 ], [ -80.423497498343806, 43.462516587135603 ], [ -80.4243610677958, 43.462216832937898 ], [ -80.425486978104004, 43.461747343672393 ], [ -80.426058300050897, 43.461419854051393 ], [ -80.427684193424497, 43.460734925215505 ], [ -80.4296538584601, 43.459905125786293 ], [ -80.429674381516605, 43.459896405371502 ], [ -80.429694809627406, 43.459887570828997 ], [ -80.429715145187004, 43.4598786227535 ], [ -80.429735386589797, 43.459869561719891 ], [ -80.429755532230104, 43.459860388303198 ], [ -80.429775580502294, 43.459851103077995 ], [ -80.4297955306007, 43.459841706623386 ], [ -80.429815382519706, 43.45983219952209 ], [ -80.4298351330591, 43.459822581758196 ], [ -80.429854783007897, 43.459812854501394 ], [ -80.429874329960299, 43.45980301832261 ], [ -80.429893773116319, 43.459793073217696 ], [ -80.429913110864703, 43.459783020344595 ], [ -80.429932343199894, 43.459772860285995 ], [ -80.429951468521907, 43.459762593033979 ], [ -80.4299704852194, 43.4597522197462 ], [ -80.429989392486902, 43.459741741001594 ], [ -80.430008189518801, 43.459731157378997 ], [ -80.430026874709398, 43.459720469453295 ], [ -80.430045447253207, 43.459709677803204 ], [ -80.4300639063446, 43.459698783007802 ], [ -80.430082250378007, 43.459687785641904 ], [ -80.430100478547701, 43.459676686284197 ], [ -80.430118589242696, 43.459665486092597 ], [ -80.430136582457493, 43.459654185649903 ], [ -80.430154456592007, 43.459642784947995 ], [ -80.430172210034897, 43.459631285144795 ], [ -80.430189842780905, 43.459619686823103 ], [ -80.430207353218805, 43.459607991140501 ], [ -80.430224740548596, 43.459596198092996 ], [ -80.430242003964707, 43.459584308259693 ], [ -80.430259141055998, 43.459572322794102 ], [ -80.430276152617111, 43.459560242283104 ], [ -80.430293037036705, 43.459548067884299 ], [ -80.430309792720493, 43.459535799007099 ], [ -80.430326419646406, 43.459523437982803 ], [ -80.4303429170198, 43.459510984224501 ], [ -80.430359282424106, 43.459498439468696 ], [ -80.430375515859495, 43.459485803715509 ], [ -80.430391615714697, 43.459473078122699 ], [ -80.430407581989797, 43.459460262690186 ], [ -80.430423413868297, 43.459447359162496 ], [ -80.430439109744697, 43.459434368114493 ], [ -80.430454668018896, 43.459421289538206 ], [ -80.430470089474497, 43.459408125186194 ], [ -80.430485372511399, 43.459394875050499 ], [ -80.430500515513202, 43.459381540871483 ], [ -80.430515518485294, 43.4593681220665 ], [ -80.430530379811202, 43.45935462037599 ], [ -80.430545099485499, 43.459341036382902 ], [ -80.430559675902614, 43.45932737066201 ], [ -80.430574109051605, 43.4593136243789 ], [ -80.430588396527, 43.459299798104695 ], [ -80.430602539923399, 43.459285892430003 ], [ -80.430616536024104, 43.459271909087391 ], [ -80.430630384834799, 43.459257847494193 ], [ -80.430644086333601, 43.4592437099815 ], [ -80.430657638925894, 43.459229495958802 ], [ -80.430671041795307, 43.45921520717031 ], [ -80.430684294936299, 43.45920084419911 ], [ -80.430697396743497, 43.459186407619896 ], [ -80.430710346405903, 43.459171898594491 ], [ -80.430723143912601, 43.459157318288383 ], [ -80.430735787663593, 43.459142666693801 ], [ -80.430748277642493, 43.459127945559104 ], [ -80.430760612249401, 43.459113154876292 ], [ -80.430772791467817, 43.459098296393989 ], [ -80.430784815297798, 43.459083370112197 ], [ -80.430796681323002, 43.459068377767295 ], [ -80.430808390343515, 43.459053319363399 ], [ -80.430819939942694, 43.459038196636897 ], [ -80.430831331720896, 43.459023009595995 ], [ -80.430842563261606, 43.459007759976991 ], [ -80.430853634564912, 43.458992447780098 ], [ -80.430864544808898, 43.458977075332498 ], [ -80.430875294004693, 43.458961641468598 ], [ -80.430885880524798, 43.458946149094395 ], [ -80.430896303574897, 43.458930597623393 ], [ -80.430906563938706, 43.458914988807798 ], [ -80.430916660005096, 43.458899323805291 ], [ -80.430926591774394, 43.458883602616083 ], [ -80.430936358435602, 43.458867826401601 ], [ -80.430945958372305, 43.458851996902496 ], [ -80.430955392390203, 43.458836113540002 ], [ -80.430964659667396, 43.458820178641197 ], [ -80.430973759398498, 43.458804192785095 ], [ -80.430982691578194, 43.458788156554391 ], [ -80.430991454595599, 43.458772071106893 ], [ -80.431000049245199, 43.458755937029402 ], [ -80.431008473910893, 43.458739756062286 ], [ -80.431016728592596, 43.458723528205603 ], [ -80.431024813274107, 43.458707255207791 ], [ -80.431032726349898, 43.458690937643901 ], [ -80.431040467814697, 43.458674576096499 ], [ -80.431048038452303, 43.458658172317996 ], [ -80.431055435857203, 43.458641726879492 ], [ -80.431062660818597, 43.458625240950497 ], [ -80.431069712531212, 43.458608715109804 ], [ -80.431076590989505, 43.458592149940301 ], [ -80.431083295371906, 43.4585755477692 ], [ -80.431089824883799, 43.458558908009707 ], [ -80.431096180303598, 43.458542232997083 ], [ -80.431102360031304, 43.458525522723498 ], [ -80.431549915736099, 43.457316901315693 ], [ -80.431558580004904, 43.45729321181399 ], [ -80.431783628569207, 43.456677882540895 ], [ -80.4319406816645, 43.456229446904992 ], [ -80.432421963082106, 43.455586358430196 ], [ -80.433044298305902, 43.455171369972298 ], [ -80.433207621940298, 43.4552974051403 ], [ -80.433422575273198, 43.455504626799694 ], [ -80.433809754895407, 43.455856111121392 ], [ -80.434465177671299, 43.456450911196207 ], [ -80.435277169623305, 43.457187907015104 ], [ -80.435352008437604, 43.457261557325197 ], [ -80.436122921094395, 43.457957474861303 ], [ -80.436148649432297, 43.4579858686687 ], [ -80.436173554731397, 43.458003906301599 ], [ -80.436737184392001, 43.458511006414589 ], [ -80.436798383895706, 43.45858314842031 ], [ -80.438771349039996, 43.460393710018195 ], [ -80.439286751891402, 43.460873731566693 ], [ -80.439421722036101, 43.46098260377299 ], [ -80.443343581688197, 43.464584937958797 ], [ -80.443404635582198, 43.464630250065085 ], [ -80.443454416216696, 43.464648587266701 ], [ -80.443491720701601, 43.464649038674402 ], [ -80.443528908618305, 43.464640215625792 ], [ -80.443685420211807, 43.464558065389603 ], [ -80.444833487045599, 43.46391726716309 ], [ -80.446142558551102, 43.465400383509611 ], [ -80.447709219884104, 43.46715003680999 ], [ -80.448468087936106, 43.468000113572387 ], [ -80.449312131601701, 43.468981223409997 ], [ -80.443098853257098, 43.471155841113088 ], [ -80.438346737438295, 43.472765650281701 ], [ -80.434616707630397, 43.474009144338808 ], [ -80.432827244946196, 43.474705450015698 ], [ -80.43124293901721, 43.475254292466992 ], [ -80.430067243585, 43.475693882053491 ], [ -80.428890035588395, 43.476281810350883 ], [ -80.427249766120795, 43.477349945639489 ], [ -80.426378258543707, 43.477939379299208 ], [ -80.425661924889596, 43.478269864848194 ], [ -80.425303527769998, 43.478453607019389 ], [ -80.424690542950003, 43.478636153671303 ], [ -80.424025069826598, 43.478966795048386 ], [ -80.422414844696405, 43.479616880800798 ], [ -80.422284141192193, 43.479330361706999 ], [ -80.422286633840997, 43.478637482 ], [ -80.422384884545394, 43.477799803761002 ], [ -80.422442563853295, 43.477166209221892 ], [ -80.422714515958006, 43.476726222913598 ], [ -80.423279394817598, 43.475968530345106 ], [ -80.423921261729106, 43.475105454050301 ], [ -80.424604899420302, 43.474186179890395 ], [ -80.425482149057601, 43.473571708786601 ], [ -80.426650608990698, 43.472753228643306 ], [ -80.426854123865994, 43.472425996035597 ], [ -80.4271452387446, 43.472009685731003 ], [ -80.427267445241199, 43.471328043521602 ], [ -80.427060324624094, 43.470656937677397 ], [ -80.426859497998393, 43.4701733673189 ], [ -80.426746002223595, 43.469960429633396 ], [ -80.426616917878803, 43.469718200862403 ], [ -80.426205586515209, 43.468997613838695 ], [ -80.425363783134301, 43.468440148851002 ], [ -80.424869997620405, 43.4681076256634 ], [ -80.423685206834094, 43.467276482894391 ], [ -80.423191005879005, 43.466609574545494 ], [ -80.422859682485907, 43.465805535585297 ], [ -80.422135589184506, 43.464975748478601 ], [ -80.421733161789803, 43.464460177317896 ], [ -80.4212477464649, 43.463722327956106 ], [ -80.421028336759406, 43.463159181654888 ] ] ] } },
{ "type": "Feature", "properties": { "pc": "CENTREVILLE CHICOPEE", "area_ha": 440.89665920174701, "alive": 2311, "total": 2865, "removed": 554, "diversity": 2.3345128786637122, "last_insp": 2022.0, "dens": 5.241591088905313, "attrition": 19.336823734729496, "backlog": 4.0, "I_deficit": 0.77208382062780934, "I_attrition": 0.40931029975936223, "I_monoculture": 0.30696722250997743, "I_backlog": 0.1875, "score": 0.41896533572428729, "rank": 26, "priority": "Medium" }, "geometry": { "type": "Polygon", "coordinates": [ [ [ -80.426536830955598, 43.437173711563595 ], [ -80.427203247060206, 43.43628650521979 ], [ -80.425889825132899, 43.436894117772098 ], [ -80.423281604760305, 43.438368253201411 ], [ -80.421072792466703, 43.439656470168309 ], [ -80.420895829002902, 43.439479696695791 ], [ -80.419739866196096, 43.438420199385298 ], [ -80.419520707606793, 43.438294722068896 ], [ -80.419233443589803, 43.438231897220092 ], [ -80.418611722530699, 43.438196293237702 ], [ -80.4175584052321, 43.438202185144497 ], [ -80.416536066652, 43.438196973390106 ], [ -80.414708626576299, 43.43816512700689 ], [ -80.414843293099011, 43.437047793870995 ], [ -80.415671317775306, 43.4358556777619 ], [ -80.415629185782606, 43.435691528194191 ], [ -80.415349255915601, 43.434912724494097 ], [ -80.415118136169099, 43.434567917325396 ], [ -80.414379873644506, 43.433469937471394 ], [ -80.4112499522668, 43.434202721737798 ], [ -80.411202421894501, 43.43419920168111 ], [ -80.410786798832817, 43.434168428130391 ], [ -80.410758002158104, 43.434166295956302 ], [ -80.410729156334895, 43.434164160170397 ], [ -80.410683531293301, 43.434160781434898 ], [ -80.410528950706819, 43.434149335308788 ], [ -80.409970716067903, 43.434107997995 ], [ -80.409586713793104, 43.434088469889495 ], [ -80.409196591482697, 43.43350119185159 ], [ -80.408816119847003, 43.433107167919601 ], [ -80.407916783656802, 43.432710543038205 ], [ -80.406158647666302, 43.431693411578102 ], [ -80.404959000890699, 43.430795157954208 ], [ -80.404519376755601, 43.430321540992793 ], [ -80.403717777711805, 43.429762624829003 ], [ -80.402993887803802, 43.429414971154202 ], [ -80.402634475420498, 43.429093233952194 ], [ -80.4023660286243, 43.428481526579404 ], [ -80.402070708534495, 43.427247984713595 ], [ -80.401979061357693, 43.42601954028509 ], [ -80.402166376869403, 43.425292358370704 ], [ -80.402290201845005, 43.424494975542892 ], [ -80.402704995040693, 43.423814975073903 ], [ -80.403776506357602, 43.423104341991206 ], [ -80.404999641491997, 43.422489114384597 ], [ -80.408002322811299, 43.421958689603599 ], [ -80.409642521839501, 43.421907223656191 ], [ -80.409667011131205, 43.421908704131901 ], [ -80.410433104486003, 43.421982683150794 ], [ -80.411618808783999, 43.421846548728602 ], [ -80.414651723265393, 43.422440167072907 ], [ -80.415627610264906, 43.422121064989099 ], [ -80.416352378519207, 43.421686882602991 ], [ -80.417313059107599, 43.420688716460091 ], [ -80.418626062890993, 43.421286145755793 ], [ -80.420052470632498, 43.421894223259592 ], [ -80.421950538137295, 43.422535001878202 ], [ -80.427948754541006, 43.424035103712491 ], [ -80.432394071302497, 43.4251830242399 ], [ -80.432454792834804, 43.425204391891192 ], [ -80.433431174507803, 43.4255480907402 ], [ -80.433491317994296, 43.425576385368906 ], [ -80.434248336825306, 43.425903325667996 ], [ -80.434312361917307, 43.425930918693297 ], [ -80.434906433087306, 43.426242105345693 ], [ -80.434968579235303, 43.426274640995587 ], [ -80.435610412384506, 43.426698318781497 ], [ -80.435828941184695, 43.426839566909798 ], [ -80.436497355518398, 43.427353580715888 ], [ -80.4386614811432, 43.429557157324787 ], [ -80.439126593881099, 43.429938805257798 ], [ -80.439753387956401, 43.430343574494401 ], [ -80.440737521300903, 43.430899075149696 ], [ -80.441229916458198, 43.4311418525688 ], [ -80.442873157212702, 43.431740615219503 ], [ -80.442766540717201, 43.431923569411694 ], [ -80.442276846920606, 43.432749506246999 ], [ -80.442251844614702, 43.432776393628593 ], [ -80.4422015282789, 43.4328747244884 ], [ -80.4418125617795, 43.433503637751301 ], [ -80.441461233534497, 43.434105179783302 ], [ -80.441423858847102, 43.434158922611687 ], [ -80.441310851826103, 43.434293681165705 ], [ -80.441186233702297, 43.4343833683076 ], [ -80.441137189600994, 43.43440977426539 ], [ -80.440979928449593, 43.434503534125291 ], [ -80.439794968400605, 43.435168694850908 ], [ -80.437870015971697, 43.436257829529097 ], [ -80.437345069173503, 43.436523073691696 ], [ -80.436476190174204, 43.437013665443914 ], [ -80.435273918158501, 43.437721723663493 ], [ -80.4351166512417, 43.437792967228589 ], [ -80.434322694086802, 43.438308310804295 ], [ -80.433873279381999, 43.438600017864196 ], [ -80.433803047021399, 43.438635590837393 ], [ -80.428376421249695, 43.441720049766502 ], [ -80.427375426009505, 43.440385640187507 ], [ -80.427172230572793, 43.440074212696892 ], [ -80.426981746714702, 43.43987304096779 ], [ -80.426845819550806, 43.439722109152491 ], [ -80.425737261894497, 43.438940168807783 ], [ -80.425594536710094, 43.43880765301239 ], [ -80.425527908798102, 43.438698927367106 ], [ -80.425515941410396, 43.438531331762391 ], [ -80.425516687517899, 43.438452471660007 ], [ -80.426187730794396, 43.437549107300399 ], [ -80.426324754088398, 43.437401763674508 ], [ -80.426536830955598, 43.437173711563595 ] ] ] } },
{ "type": "Feature", "properties": { "pc": "GRAND RIVER SOUTH", "area_ha": 479.9234748343261, "alive": 2514, "total": 2799, "removed": 285, "diversity": 2.3459990986253576, "last_insp": 2022.0, "dens": 5.2383351343000157, "attrition": 10.182207931404074, "backlog": 4.0, "I_deficit": 0.77222721968932739, "I_attrition": 0.2155308771383109, "I_monoculture": 0.29999561621140969, "I_backlog": 0.1875, "score": 0.36881342825976199, "rank": 41, "priority": "Low" }, "geometry": { "type": "Polygon", "coordinates": [ [ [ -80.407962609, 43.456840808024992 ], [ -80.407230471233305, 43.456831907175584 ], [ -80.405445425940599, 43.456874517439907 ], [ -80.404557357297406, 43.456902205865198 ], [ -80.4036095376742, 43.456862457831093 ], [ -80.402584832408294, 43.456624252220699 ], [ -80.4000966894653, 43.456156800686088 ], [ -80.398334454817501, 43.4558666723076 ], [ -80.397553319105398, 43.455718276930497 ], [ -80.396313233649195, 43.455464264690299 ], [ -80.395564918263005, 43.455216552091692 ], [ -80.394745263050893, 43.454883488908898 ], [ -80.394049751812005, 43.45440635683989 ], [ -80.393124859549701, 43.453414132987795 ], [ -80.392698847273195, 43.452869493176593 ], [ -80.392224606562294, 43.452175998648897 ], [ -80.392054047777904, 43.451549518610406 ], [ -80.392022931363897, 43.450928101369804 ], [ -80.392448879410694, 43.449319493921593 ], [ -80.392556351698005, 43.449117805104102 ], [ -80.392872266092198, 43.448559935547095 ], [ -80.393229117884601, 43.447867031517205 ], [ -80.393669141285201, 43.447495344494001 ], [ -80.394102566723504, 43.44713939259919 ], [ -80.394619162521195, 43.446851444457891 ], [ -80.395788134065398, 43.446224657702992 ], [ -80.398187594382307, 43.444966958133698 ], [ -80.398955100178796, 43.4446416424218 ], [ -80.400447152516605, 43.444056146849498 ], [ -80.401413798173394, 43.443478279045699 ], [ -80.402567782789504, 43.4425044240107 ], [ -80.403442048337794, 43.441565844749398 ], [ -80.404227656087002, 43.44107778151249 ], [ -80.405173258945297, 43.440583583931584 ], [ -80.405845831791595, 43.440248843219699 ], [ -80.4068386707808, 43.439915714790985 ], [ -80.407382015575706, 43.439612458382896 ], [ -80.408390574244507, 43.438766412615287 ], [ -80.40939578915642, 43.4379649663111 ], [ -80.409757635982601, 43.437506273175501 ], [ -80.410197245265707, 43.436638757226291 ], [ -80.410264729282702, 43.436306681426395 ], [ -80.410245318528496, 43.435541932264094 ], [ -80.410154239688296, 43.435173154602701 ], [ -80.410049726956103, 43.434835204877487 ], [ -80.409586713793104, 43.434088469889495 ], [ -80.409970716067903, 43.434107997995 ], [ -80.410528950706819, 43.434149335308788 ], [ -80.410683531293301, 43.434160781434898 ], [ -80.410729156334895, 43.434164160170397 ], [ -80.410758002158104, 43.434166295956302 ], [ -80.410786798832817, 43.434168428130391 ], [ -80.411202421894501, 43.43419920168111 ], [ -80.4112499522668, 43.434202721737798 ], [ -80.414379873644506, 43.433469937471394 ], [ -80.415118136169099, 43.434567917325396 ], [ -80.415349255915601, 43.434912724494097 ], [ -80.415629185782606, 43.435691528194191 ], [ -80.415671317775306, 43.4358556777619 ], [ -80.414843293099011, 43.437047793870995 ], [ -80.414708626576299, 43.43816512700689 ], [ -80.416536066652, 43.438196973390106 ], [ -80.4175584052321, 43.438202185144497 ], [ -80.418611722530699, 43.438196293237702 ], [ -80.419233443589803, 43.438231897220092 ], [ -80.419520707606793, 43.438294722068896 ], [ -80.419739866196096, 43.438420199385298 ], [ -80.420895829002902, 43.439479696695791 ], [ -80.421072792466703, 43.439656470168309 ], [ -80.414966665487199, 43.443216609420297 ], [ -80.416333476812298, 43.444571453836595 ], [ -80.41646356074132, 43.444756307241796 ], [ -80.416631577286196, 43.445013558415994 ], [ -80.416775412055102, 43.445188490823291 ], [ -80.416882304903893, 43.445316242102209 ], [ -80.416956759707602, 43.445405386526296 ], [ -80.417230284862399, 43.445637426097399 ], [ -80.417516845417197, 43.445849185000796 ], [ -80.4177914460453, 43.446001463904402 ], [ -80.418118353191801, 43.446182728751992 ], [ -80.418611451806299, 43.4463554769982 ], [ -80.419116844868597, 43.446500645698592 ], [ -80.420044904185801, 43.446767148871707 ], [ -80.420726675708806, 43.44695785562719 ], [ -80.421160763178406, 43.447079340481601 ], [ -80.4218183781081, 43.447292875894597 ], [ -80.422091975783303, 43.447434517978309 ], [ -80.422182242458817, 43.447468913169594 ], [ -80.422419924781593, 43.447626397152597 ], [ -80.422692763417601, 43.447848068573499 ], [ -80.422924139317601, 43.448079517377892 ], [ -80.423258216380205, 43.448752974934401 ], [ -80.423808337797198, 43.449900328263098 ], [ -80.4249941579276, 43.452399545326898 ], [ -80.425411808167397, 43.453292894986603 ], [ -80.425588095842201, 43.45354404757169 ], [ -80.425750905605497, 43.453765158726902 ], [ -80.426981664249496, 43.455029074715704 ], [ -80.427360021925693, 43.455393139653694 ], [ -80.427680814026601, 43.455701732307602 ], [ -80.428071204554499, 43.456077290661099 ], [ -80.428425537260793, 43.456418187586586 ], [ -80.428890382870307, 43.456680861553899 ], [ -80.429219066395007, 43.4568126803998 ], [ -80.431549915736099, 43.457316901315693 ], [ -80.431102360031304, 43.458525522723498 ], [ -80.431096180303598, 43.458542232997083 ], [ -80.431089824883799, 43.458558908009707 ], [ -80.431083295371906, 43.4585755477692 ], [ -80.431076590989505, 43.458592149940301 ], [ -80.431069712531212, 43.458608715109804 ], [ -80.431062660818597, 43.458625240950497 ], [ -80.431055435857203, 43.458641726879492 ], [ -80.431048038452303, 43.458658172317996 ], [ -80.431040467814697, 43.458674576096499 ], [ -80.431032726349898, 43.458690937643901 ], [ -80.431024813274107, 43.458707255207791 ], [ -80.431016728592596, 43.458723528205603 ], [ -80.431008473910893, 43.458739756062286 ], [ -80.431000049245199, 43.458755937029402 ], [ -80.430991454595599, 43.458772071106893 ], [ -80.430982691578194, 43.458788156554391 ], [ -80.430973759398498, 43.458804192785095 ], [ -80.430964659667396, 43.458820178641197 ], [ -80.430955392390203, 43.458836113540002 ], [ -80.430945958372305, 43.458851996902496 ], [ -80.430936358435602, 43.458867826401601 ], [ -80.430926591774394, 43.458883602616083 ], [ -80.430916660005096, 43.458899323805291 ], [ -80.430906563938706, 43.458914988807798 ], [ -80.430896303574897, 43.458930597623393 ], [ -80.430885880524798, 43.458946149094395 ], [ -80.430875294004693, 43.458961641468598 ], [ -80.430864544808898, 43.458977075332498 ], [ -80.430853634564912, 43.458992447780098 ], [ -80.430842563261606, 43.459007759976991 ], [ -80.430831331720896, 43.459023009595995 ], [ -80.430819939942694, 43.459038196636897 ], [ -80.430808390343515, 43.459053319363399 ], [ -80.430796681323002, 43.459068377767295 ], [ -80.430784815297798, 43.459083370112197 ], [ -80.430772791467817, 43.459098296393989 ], [ -80.430760612249401, 43.459113154876292 ], [ -80.430748277642493, 43.459127945559104 ], [ -80.430735787663593, 43.459142666693801 ], [ -80.430723143912601, 43.459157318288383 ], [ -80.430710346405903, 43.459171898594491 ], [ -80.430697396743497, 43.459186407619896 ], [ -80.430684294936299, 43.45920084419911 ], [ -80.430671041795307, 43.45921520717031 ], [ -80.430657638925894, 43.459229495958802 ], [ -80.430644086333601, 43.4592437099815 ], [ -80.430630384834799, 43.459257847494193 ], [ -80.430616536024104, 43.459271909087391 ], [ -80.430602539923399, 43.459285892430003 ], [ -80.430588396527, 43.459299798104695 ], [ -80.430574109051605, 43.4593136243789 ], [ -80.430559675902614, 43.45932737066201 ], [ -80.430545099485499, 43.459341036382902 ], [ -80.430530379811202, 43.45935462037599 ], [ -80.430515518485294, 43.4593681220665 ], [ -80.430500515513202, 43.459381540871483 ], [ -80.430485372511399, 43.459394875050499 ], [ -80.430470089474497, 43.459408125186194 ], [ -80.430454668018896, 43.459421289538206 ], [ -80.430439109744697, 43.459434368114493 ], [ -80.430423413868297, 43.459447359162496 ], [ -80.430407581989797, 43.459460262690186 ], [ -80.430391615714697, 43.459473078122699 ], [ -80.430375515859495, 43.459485803715509 ], [ -80.430359282424106, 43.459498439468696 ], [ -80.4303429170198, 43.459510984224501 ], [ -80.430326419646406, 43.459523437982803 ], [ -80.430309792720493, 43.459535799007099 ], [ -80.430293037036705, 43.459548067884299 ], [ -80.430276152617111, 43.459560242283104 ], [ -80.430259141055998, 43.459572322794102 ], [ -80.430242003964707, 43.459584308259693 ], [ -80.430224740548596, 43.459596198092996 ], [ -80.430207353218805, 43.459607991140501 ], [ -80.430189842780905, 43.459619686823103 ], [ -80.430172210034897, 43.459631285144795 ], [ -80.430154456592007, 43.459642784947995 ], [ -80.430136582457493, 43.459654185649903 ], [ -80.430118589242696, 43.459665486092597 ], [ -80.430100478547701, 43.459676686284197 ], [ -80.430082250378007, 43.459687785641904 ], [ -80.4300639063446, 43.459698783007802 ], [ -80.430045447253207, 43.459709677803204 ], [ -80.430026874709398, 43.459720469453295 ], [ -80.430008189518801, 43.459731157378997 ], [ -80.429989392486902, 43.459741741001594 ], [ -80.4299704852194, 43.4597522197462 ], [ -80.429951468521907, 43.459762593033979 ], [ -80.429932343199894, 43.459772860285995 ], [ -80.429913110864703, 43.459783020344595 ], [ -80.429893773116319, 43.459793073217696 ], [ -80.429874329960299, 43.45980301832261 ], [ -80.429854783007897, 43.459812854501394 ], [ -80.4298351330591, 43.459822581758196 ], [ -80.429815382519706, 43.45983219952209 ], [ -80.4297955306007, 43.459841706623386 ], [ -80.429775580502294, 43.459851103077995 ], [ -80.429755532230104, 43.459860388303198 ], [ -80.429735386589797, 43.459869561719891 ], [ -80.429715145187004, 43.4598786227535 ], [ -80.429694809627406, 43.459887570828997 ], [ -80.429674381516605, 43.459896405371502 ], [ -80.4296538584601, 43.459905125786293 ], [ -80.427684193424497, 43.460734925215505 ], [ -80.426058300050897, 43.461419854051393 ], [ -80.425486978104004, 43.461747343672393 ], [ -80.4243610677958, 43.462216832937898 ], [ -80.423497498343806, 43.462516587135603 ], [ -80.422843290615219, 43.462741410259206 ], [ -80.422111625000994, 43.462889765822688 ], [ -80.421028336759406, 43.463159181654888 ], [ -80.420902634614094, 43.462836545683103 ], [ -80.420596848869494, 43.461881382938884 ], [ -80.420092613809899, 43.461121244927298 ], [ -80.419607312755701, 43.460850034259209 ], [ -80.418652100292704, 43.460316199418799 ], [ -80.418195637863505, 43.460064813610998 ], [ -80.417159408566505, 43.459634617079608 ], [ -80.416314201660001, 43.459020271793889 ], [ -80.415886883502594, 43.458472422636191 ], [ -80.415225386706496, 43.458150635375802 ], [ -80.415031359075499, 43.458056249013602 ], [ -80.413985313840101, 43.457753760322284 ], [ -80.412642253964506, 43.457411481437795 ], [ -80.410866684085704, 43.456940296566387 ], [ -80.407962609, 43.456840808024992 ] ] ] } },
{ "type": "Feature", "properties": { "pc": "CENTRAL FREDERICK", "area_ha": 109.7373445352345, "alive": 1034, "total": 1371, "removed": 337, "diversity": 1.7307094931615721, "last_insp": 2023.0, "dens": 9.422498825529745, "attrition": 24.580598103574033, "backlog": 3.0, "I_deficit": 0.58794788557819788, "I_attrition": 0.52030737395450755, "I_monoculture": 0.67344805776469563, "I_backlog": 0.125, "score": 0.47667582932435026, "rank": 18, "priority": "Medium" }, "geometry": { "type": "Polygon", "coordinates": [ [ [ -80.471171971032106, 43.462064075231702 ], [ -80.471445426778999, 43.458498906656786 ], [ -80.471089695277698, 43.457143551834591 ], [ -80.470586183054607, 43.456337929170502 ], [ -80.468246269822203, 43.45408922445111 ], [ -80.480863998950696, 43.449760363289599 ], [ -80.481461315227804, 43.449547177763691 ], [ -80.481659646309097, 43.449319455851196 ], [ -80.483502436981894, 43.450150148561406 ], [ -80.484503195713003, 43.450603636255494 ], [ -80.484217415010093, 43.450970820862409 ], [ -80.484156782354404, 43.451035201239705 ], [ -80.484128565448302, 43.4510609560147 ], [ -80.484094817001207, 43.451082898050693 ], [ -80.485097313954597, 43.4519435505877 ], [ -80.483305941888702, 43.452905923981696 ], [ -80.482019405444319, 43.453564299847493 ], [ -80.481815139014898, 43.453718339746395 ], [ -80.481789554802504, 43.453906594897802 ], [ -80.481921288993206, 43.456499137747898 ], [ -80.482140702205797, 43.457182881181403 ], [ -80.482593382311705, 43.45859442659269 ], [ -80.482781940901702, 43.459092392922003 ], [ -80.482830862520103, 43.459238477307387 ], [ -80.471180960730095, 43.463079511366495 ], [ -80.471171971032106, 43.462064075231702 ] ] ] } },
{ "type": "Feature", "properties": { "pc": "AUDITORIUM", "area_ha": 95.15807212411876, "alive": 1461, "total": 1773, "removed": 312, "diversity": 2.173720226497899, "last_insp": 2023.0, "dens": 15.353400582709945, "attrition": 17.597292724196279, "backlog": 3.0, "I_deficit": 0.32673854790754919, "I_attrition": 0.37248894951437495, "I_monoculture": 0.40456095398523717, "I_backlog": 0.125, "score": 0.3071971128517903, "rank": 50, "priority": "Low" }, "geometry": { "type": "Polygon", "coordinates": [ [ [ -80.460737215867596, 43.446582865298993 ], [ -80.460836208892999, 43.446543269884799 ], [ -80.4671207686374, 43.444199750192404 ], [ -80.467293481971694, 43.444120070266912 ], [ -80.467460027419605, 43.444255526371698 ], [ -80.467546975168602, 43.444345506801483 ], [ -80.467702949524494, 43.444443008135295 ], [ -80.468451019654395, 43.444710621852792 ], [ -80.4697209237317, 43.445167276376488 ], [ -80.470214527867299, 43.445344483459692 ], [ -80.472579276679099, 43.446264942189799 ], [ -80.473170238248301, 43.446468309628209 ], [ -80.473708303206806, 43.446196178290897 ], [ -80.474314324705901, 43.4461332628332 ], [ -80.474931439597398, 43.446276890535508 ], [ -80.481659646309097, 43.449319455851196 ], [ -80.481461315227804, 43.449547177763691 ], [ -80.480863998950696, 43.449760363289599 ], [ -80.468246269822203, 43.45408922445111 ], [ -80.465057004157202, 43.451165095432685 ], [ -80.464248835011304, 43.450194348556998 ], [ -80.462693054717221, 43.448327486122395 ], [ -80.460737215867596, 43.446582865298993 ] ] ] } },
{ "type": "Feature", "properties": { "pc": "CIVIC CENTRE", "area_ha": 32.84839857560695, "alive": 253, "total": 383, "removed": 130, "diversity": 1.6203011750400045, "last_insp": 2010.0, "dens": 7.7020497488689292, "attrition": 33.942558746736289, "backlog": 16.0, "I_deficit": 0.6637200669782003, "I_attrition": 0.71847574792100377, "I_monoculture": 0.74046081989190848, "I_backlog": 0.9375, "score": 0.76503915869777805, "rank": 1, "priority": "High" }, "geometry": { "type": "Polygon", "coordinates": [ [ [ -80.481815139014898, 43.453718339746395 ], [ -80.4819412982079, 43.453852895651806 ], [ -80.483469227624994, 43.454687268697995 ], [ -80.484683393581093, 43.455372528827191 ], [ -80.487465286687495, 43.451902945627502 ], [ -80.488773205561898, 43.452491084486091 ], [ -80.490543952744602, 43.453225851325897 ], [ -80.490937630102493, 43.4533997318009 ], [ -80.492849405669702, 43.454264490375408 ], [ -80.493362443293805, 43.454519786610199 ], [ -80.493493761060904, 43.454602308175794 ], [ -80.493601330575501, 43.45467230793799 ], [ -80.493657878150501, 43.454709106079299 ], [ -80.493723493563095, 43.454776766409502 ], [ -80.493764857568493, 43.454820063368004 ], [ -80.493418629766694, 43.454936665594502 ], [ -80.4916646602654, 43.455529126667301 ], [ -80.491636197194893, 43.455538744512999 ], [ -80.488541958231707, 43.456566631318097 ], [ -80.488504856122404, 43.456578976843304 ], [ -80.487438702616302, 43.456933134945707 ], [ -80.486396156139094, 43.457290626699198 ], [ -80.483368514785298, 43.458328662967688 ], [ -80.482593382311705, 43.45859442659269 ], [ -80.482140702205797, 43.457182881181403 ], [ -80.481921288993206, 43.456499137747898 ], [ -80.481789554802504, 43.453906594897802 ], [ -80.481815139014898, 43.453718339746395 ] ] ] } },
{ "type": "Feature", "properties": { "pc": "FOREST HEIGHTS", "area_ha": 495.43486919162962, "alive": 5604, "total": 7020, "removed": 1416, "diversity": 2.2304665278824167, "last_insp": 2021.0, "dens": 11.311274899047174, "attrition": 20.17094017094017, "backlog": 5.0, "I_deficit": 0.50476223061866898, "I_attrition": 0.42696637674611237, "I_monoculture": 0.37011856358406514, "I_backlog": 0.25, "score": 0.38796179273721165, "rank": 37, "priority": "Low" }, "geometry": { "type": "Polygon", "coordinates": [ [ [ -80.514059869929696, 43.41914664255259 ], [ -80.514233109035303, 43.419079817896503 ], [ -80.516029357274803, 43.418406378547495 ], [ -80.519425455108006, 43.417129820644803 ], [ -80.522744299370302, 43.415881015974804 ], [ -80.526217120923306, 43.414604575831483 ], [ -80.530615527534806, 43.413023222643091 ], [ -80.530717577460507, 43.412987083541594 ], [ -80.533200391414695, 43.41210779852549 ], [ -80.534374523877901, 43.411789218427892 ], [ -80.534626897947604, 43.411720738737088 ], [ -80.536477832232094, 43.411167035621894 ], [ -80.537595845820505, 43.410855155045297 ], [ -80.538559819209794, 43.410586234164484 ], [ -80.539238763526896, 43.410455308061401 ], [ -80.541410978240293, 43.410036392247903 ], [ -80.543186247206606, 43.409711513408595 ], [ -80.544261874983803, 43.409514654985998 ], [ -80.545166000772596, 43.409424099619883 ], [ -80.545339892785506, 43.409406682016616 ], [ -80.546879755818097, 43.409272533563495 ], [ -80.548067305647706, 43.409162249332894 ], [ -80.549014677102306, 43.4100243069052 ], [ -80.551625777371399, 43.412395184076402 ], [ -80.552945327179799, 43.413592860005998 ], [ -80.555693668507701, 43.416086920119795 ], [ -80.556021483480194, 43.416384560308593 ], [ -80.558057209114509, 43.418231036023606 ], [ -80.5606042706886, 43.420544287449786 ], [ -80.559807392960096, 43.4207662609804 ], [ -80.559789759787606, 43.420771172639803 ], [ -80.559330320022795, 43.420899148196902 ], [ -80.557364724055304, 43.42158979519899 ], [ -80.556404549304304, 43.421951852131684 ], [ -80.556158980407801, 43.422047610961997 ], [ -80.556126189447696, 43.422060397840497 ], [ -80.555307081793799, 43.422379801371491 ], [ -80.554680765017395, 43.422551042122713 ], [ -80.554347614082118, 43.422642092186592 ], [ -80.550784515037293, 43.423525980768403 ], [ -80.547723893545097, 43.424278593184106 ], [ -80.547505763514593, 43.424336265972194 ], [ -80.547402032664806, 43.424363621520897 ], [ -80.544251521641513, 43.425195855473383 ], [ -80.542400134272697, 43.425619774992192 ], [ -80.542375246088298, 43.425625473510387 ], [ -80.541967713024206, 43.425718783485507 ], [ -80.541698920929306, 43.425820841357194 ], [ -80.540321323275407, 43.426343886294703 ], [ -80.538983907314005, 43.426782688883584 ], [ -80.538218520377001, 43.427033741488302 ], [ -80.534880377186198, 43.428250415772702 ], [ -80.529300983629597, 43.430322394506106 ], [ -80.525541258496403, 43.431726738976103 ], [ -80.522778269870898, 43.427585137810802 ], [ -80.522529482989398, 43.427274949802502 ], [ -80.521554848140497, 43.426008088103991 ], [ -80.520304644535301, 43.424747352233595 ], [ -80.519669923657901, 43.424126524000101 ], [ -80.519177014803205, 43.423644392688892 ], [ -80.519141109021106, 43.423599496889885 ], [ -80.519054763126206, 43.423517392238701 ], [ -80.518941627275893, 43.423411876885602 ], [ -80.518870721088007, 43.423345746481402 ], [ -80.518798868139001, 43.423288268055799 ], [ -80.516928136038203, 43.421791727740576 ], [ -80.516730222637904, 43.421611019289102 ], [ -80.516568539457595, 43.421451989663794 ], [ -80.516088511910198, 43.420979833880388 ], [ -80.515926988608896, 43.42085530157749 ], [ -80.515706223824907, 43.420685093461998 ], [ -80.515632064368901, 43.420596373745489 ], [ -80.515204398692106, 43.420195134125898 ], [ -80.514692208520614, 43.419714584506501 ], [ -80.514454090741694, 43.419491172633791 ], [ -80.5144289759196, 43.419472340322898 ], [ -80.514129502390205, 43.4192080619056 ], [ -80.514059869929696, 43.41914664255259 ] ] ] } },
{ "type": "Feature", "properties": { "pc": "BRIDGEPORT WEST", "area_ha": 143.48695578458026, "alive": 333, "total": 393, "removed": 60, "diversity": 2.7010466131945012, "last_insp": 2009.0, "dens": 2.3207684501993291, "attrition": 15.267175572519085, "backlog": 17.0, "I_deficit": 0.90072296828965881, "I_attrition": 0.32316642566499648, "I_monoculture": 0.084498133390571328, "I_backlog": 1.0, "score": 0.5770968818363067, "rank": 10, "priority": "High" }, "geometry": { "type": "Polygon", "coordinates": [ [ [ -80.478389275892496, 43.483392983134699 ], [ -80.478901031190105, 43.483336079145495 ], [ -80.480291673791996, 43.482765530713095 ], [ -80.482085494792202, 43.481331561323998 ], [ -80.481982480739504, 43.479485228094902 ], [ -80.480178820565996, 43.477458055365503 ], [ -80.4748974654443, 43.474751541235598 ], [ -80.472731862329312, 43.473414878728903 ], [ -80.470957425723597, 43.472627877330396 ], [ -80.470880999034094, 43.472600518054492 ], [ -80.475103583170906, 43.471080103015787 ], [ -80.476411691440205, 43.472447816762688 ], [ -80.477796979480516, 43.473253933979898 ], [ -80.477852690977301, 43.473295867753215 ], [ -80.478736656338995, 43.473646228339199 ], [ -80.480422179990597, 43.473973308297886 ], [ -80.481617662397198, 43.474094144651986 ], [ -80.482929147653905, 43.474014559390085 ], [ -80.484403587997704, 43.473846569404891 ], [ -80.487190313616196, 43.473344968581095 ], [ -80.488116362560504, 43.473197247844404 ], [ -80.489041588109103, 43.473134944836296 ], [ -80.489497652898507, 43.47311807627829 ], [ -80.490864779373894, 43.473171616920602 ], [ -80.491463049059803, 43.473278617781695 ], [ -80.492217048629101, 43.473452834581387 ], [ -80.493463634853796, 43.473913889226409 ], [ -80.491983592152806, 43.4744092368529 ], [ -80.491447999908402, 43.4745040865253 ], [ -80.4914955949221, 43.474617988713398 ], [ -80.491566474318404, 43.474787608461092 ], [ -80.491632770527701, 43.474947805115903 ], [ -80.491828880692097, 43.475476942621292 ], [ -80.492104143561207, 43.475759133003592 ], [ -80.492333784832198, 43.4759737820903 ], [ -80.492717682924393, 43.476189024820499 ], [ -80.493272268434396, 43.476281419089005 ], [ -80.493997074570302, 43.476318297846497 ], [ -80.495014989973896, 43.476345301144697 ], [ -80.495454908065497, 43.476535274864503 ], [ -80.495797928223396, 43.476809594015407 ], [ -80.496285981593104, 43.477486121765004 ], [ -80.497915329635603, 43.480730760594199 ], [ -80.497940004794202, 43.48077993143449 ], [ -80.4975495510283, 43.480914452061803 ], [ -80.497277296287507, 43.480687088615895 ], [ -80.496085808140904, 43.481108918622191 ], [ -80.495438033546094, 43.481083558155291 ], [ -80.494270931923694, 43.480437785240994 ], [ -80.493831335212604, 43.4805883406124 ], [ -80.491841711745494, 43.48127000595909 ], [ -80.491095712546695, 43.481309722012206 ], [ -80.486779017865416, 43.4815396172989 ], [ -80.4867332982069, 43.481471984315206 ], [ -80.486563434623406, 43.4814824730746 ], [ -80.486731300012906, 43.481708017987792 ], [ -80.486777781118107, 43.481685719228707 ], [ -80.487473468612706, 43.482170923190701 ], [ -80.488188831420501, 43.482669893848296 ], [ -80.487833888873496, 43.482959356727797 ], [ -80.488834304017402, 43.48398606322219 ], [ -80.488485897588816, 43.484236665625694 ], [ -80.488656987625902, 43.484480496973497 ], [ -80.489001139148598, 43.4847341953501 ], [ -80.488697416613107, 43.48480116580771 ], [ -80.487871546595002, 43.484198896304399 ], [ -80.487753919512798, 43.484277859210792 ], [ -80.487579466679406, 43.484155004510491 ], [ -80.487265631753402, 43.484380819195692 ], [ -80.487085267807302, 43.484510637956802 ], [ -80.486837222825599, 43.484336227848587 ], [ -80.4850578431776, 43.484972983412099 ], [ -80.4843774338336, 43.485219826742302 ], [ -80.484242955056203, 43.485264952891583 ], [ -80.484327529526993, 43.4848649941773 ], [ -80.484410666392506, 43.48432171013549 ], [ -80.482397649163701, 43.485471502551796 ], [ -80.481884786048795, 43.484582079089499 ], [ -80.481378418903205, 43.485223638082708 ], [ -80.478389275892496, 43.483392983134699 ] ] ] } },
{ "type": "Feature", "properties": { "pc": "HIGHLAND WEST", "area_ha": 518.95955680774637, "alive": 3349, "total": 4164, "removed": 815, "diversity": 2.4125666308353066, "last_insp": 2021.0, "dens": 6.4532967089007087, "attrition": 19.572526416906822, "backlog": 5.0, "I_deficit": 0.71871776679499688, "I_attrition": 0.4142995129217501, "I_monoculture": 0.25959219120434496, "I_backlog": 0.25, "score": 0.41065236773027303, "rank": 29, "priority": "Medium" }, "geometry": { "type": "Polygon", "coordinates": [ [ [ -80.544904560377702, 43.4441243139268 ], [ -80.542800789955194, 43.443046922837198 ], [ -80.542650122028206, 43.44306787046461 ], [ -80.542619205905694, 43.443070286620298 ], [ -80.542165800197395, 43.4425251202818 ], [ -80.538472421593596, 43.440677512929597 ], [ -80.538333122952594, 43.440597819803202 ], [ -80.536991045430398, 43.439916301797695 ], [ -80.536892515712694, 43.439862337625499 ], [ -80.536843339532496, 43.439844133223495 ], [ -80.536794934848899, 43.439817381287703 ], [ -80.536756767301895, 43.439798501067095 ], [ -80.536708165160604, 43.439771745380298 ], [ -80.536610214485094, 43.43973524768569 ], [ -80.536559887930906, 43.439707768072097 ], [ -80.536498785253997, 43.439689604941499 ], [ -80.536252587152802, 43.43959885101539 ], [ -80.536190606974401, 43.439589415475204 ], [ -80.535893501567401, 43.439506738573499 ], [ -80.535821594503304, 43.439489071509698 ], [ -80.5357945679892, 43.439479240849302 ], [ -80.535684728052402, 43.439452145783598 ], [ -80.535587660316395, 43.439434106560199 ], [ -80.535485367594703, 43.439405784215296 ], [ -80.535375834945398, 43.439378600345705 ], [ -80.535314666668597, 43.439369621067897 ], [ -80.535277645978397, 43.4393604659654 ], [ -80.531996002114994, 43.438716815817003 ], [ -80.531946014633107, 43.438698335554797 ], [ -80.531847828506201, 43.43868010848459 ], [ -80.531810978557701, 43.4386623131468 ], [ -80.531761020948395, 43.438652833506495 ], [ -80.531662669579106, 43.438616330511103 ], [ -80.531613323360304, 43.438607127821193 ], [ -80.531562622240102, 43.438588284864501 ], [ -80.531527095621797, 43.438570764121408 ], [ -80.531428131081697, 43.438534258411892 ], [ -80.531391390293095, 43.438515922523287 ], [ -80.531293035789901, 43.438479779382995 ], [ -80.531256085737596, 43.438461622686198 ], [ -80.531206808425395, 43.438443415442507 ], [ -80.531169831625604, 43.438415987596002 ], [ -80.531119839144395, 43.438397597872196 ], [ -80.531070734739103, 43.438370476955789 ], [ -80.531021355671896, 43.43835199878351 ], [ -80.530726923845094, 43.438189285167709 ], [ -80.530677711683595, 43.438162076798498 ], [ -80.530640225053304, 43.438134643190203 ], [ -80.530492910481001, 43.438053017479298 ], [ -80.530456302500596, 43.43801685668469 ], [ -80.5304097305103, 43.4379915468134 ], [ -80.530198494710504, 43.437835565876 ], [ -80.530161881462604, 43.437800125337183 ], [ -80.530075055217907, 43.437735942125492 ], [ -80.529817630122196, 43.437491995894192 ], [ -80.529780793278903, 43.4374466497665 ], [ -80.529732327931697, 43.43740225010739 ], [ -80.529646597355594, 43.437302687120301 ], [ -80.529597830094204, 43.437257745298893 ], [ -80.529555109430902, 43.437196080825103 ], [ -80.527741975723401, 43.435019443178803 ], [ -80.527650284804693, 43.434900318287802 ], [ -80.525541258496403, 43.431726738976103 ], [ -80.529300983629597, 43.430322394506106 ], [ -80.534880377186198, 43.428250415772702 ], [ -80.538218520377001, 43.427033741488302 ], [ -80.538983907314005, 43.426782688883584 ], [ -80.540321323275407, 43.426343886294703 ], [ -80.541698920929306, 43.425820841357194 ], [ -80.541967713024206, 43.425718783485507 ], [ -80.542375246088298, 43.425625473510387 ], [ -80.542400134272697, 43.425619774992192 ], [ -80.544251521641513, 43.425195855473383 ], [ -80.547402032664806, 43.424363621520897 ], [ -80.547505763514593, 43.424336265972194 ], [ -80.547723893545097, 43.424278593184106 ], [ -80.550784515037293, 43.423525980768403 ], [ -80.554347614082118, 43.422642092186592 ], [ -80.554680765017395, 43.422551042122713 ], [ -80.555307081793799, 43.422379801371491 ], [ -80.556126189447696, 43.422060397840497 ], [ -80.556158980407801, 43.422047610961997 ], [ -80.556404549304304, 43.421951852131684 ], [ -80.557364724055304, 43.42158979519899 ], [ -80.559330320022795, 43.420899148196902 ], [ -80.559789759787606, 43.420771172639803 ], [ -80.559807392960096, 43.4207662609804 ], [ -80.5606042706886, 43.420544287449786 ], [ -80.573404018353614, 43.432179917646387 ], [ -80.560022101550203, 43.436901084870904 ], [ -80.559791142242901, 43.436982207830091 ], [ -80.557560686833199, 43.437746842359594 ], [ -80.553738488067907, 43.439063625385501 ], [ -80.552137019509317, 43.4396185955666 ], [ -80.551093892200299, 43.439973681205203 ], [ -80.550386454808702, 43.440158599802004 ], [ -80.548931541871696, 43.440554801393496 ], [ -80.547205200820002, 43.441190329706899 ], [ -80.546769187744999, 43.441390829550095 ], [ -80.546342502616199, 43.441706030435398 ], [ -80.546040335758505, 43.442023944073803 ], [ -80.545820407109503, 43.442356948273591 ], [ -80.545438659260597, 43.44309341274419 ], [ -80.544904560377702, 43.4441243139268 ] ] ] } },
{ "type": "Feature", "properties": { "pc": "WESTMOUNT", "area_ha": 191.64668489779237, "alive": 1597, "total": 1972, "removed": 375, "diversity": 1.962216686867825, "last_insp": 2011.0, "dens": 8.3330426552992591, "attrition": 19.016227180527384, "backlog": 15.0, "I_deficit": 0.63592981755044597, "I_attrition": 0.4025241039754805, "I_monoculture": 0.5329338576888123, "I_backlog": 0.875, "score": 0.61159694480368465, "rank": 4, "priority": "High" }, "geometry": { "type": "Polygon", "coordinates": [ [ [ -80.516991256047802, 43.4519120111595 ], [ -80.514828806949396, 43.448572280538791 ], [ -80.523091957503198, 43.445813949320701 ], [ -80.538171833115499, 43.440777925230897 ], [ -80.538472421593596, 43.440677512929597 ], [ -80.542160980124393, 43.442522709213094 ], [ -80.542165800197395, 43.4425251202818 ], [ -80.542603484419701, 43.443051383611099 ], [ -80.5426172621966, 43.443067949583693 ], [ -80.542619205905694, 43.443070286620298 ], [ -80.54143689988851, 43.443471357104393 ], [ -80.541163970234905, 43.443563939700795 ], [ -80.541165758966201, 43.443566641717297 ], [ -80.541162364416294, 43.443567834254004 ], [ -80.540945281220402, 43.443644038029902 ], [ -80.541051498194406, 43.443804688481805 ], [ -80.541075901162714, 43.443841590242798 ], [ -80.541214081608501, 43.444050542974395 ], [ -80.541355624879799, 43.444264564446897 ], [ -80.541498477054404, 43.444480562391711 ], [ -80.541495103533506, 43.444481744823008 ], [ -80.541822934919594, 43.444863496464286 ], [ -80.542084512499898, 43.445168091751 ], [ -80.542085069947703, 43.445168740045098 ], [ -80.542420487662397, 43.44555936191459 ], [ -80.542422507551393, 43.4455617100406 ], [ -80.5419844798665, 43.445717164960797 ], [ -80.5416459670124, 43.445837299990302 ], [ -80.5413094979791, 43.445956699110596 ], [ -80.5409709929245, 43.446076824298693 ], [ -80.540632485106002, 43.44619695255021 ], [ -80.540293975385197, 43.446317075709104 ], [ -80.539955474926501, 43.446437198336994 ], [ -80.539616963307097, 43.446557323703203 ], [ -80.539077263172899, 43.446749006990999 ], [ -80.538642113341993, 43.446903246205295 ], [ -80.5386417090767, 43.446903390717701 ], [ -80.538644069244896, 43.446905606087192 ], [ -80.541001833137798, 43.449013169876196 ], [ -80.534324971092801, 43.451378465004083 ], [ -80.5342850795858, 43.451247938078104 ], [ -80.534262929599194, 43.45118330295 ], [ -80.534209543485403, 43.451039882277499 ], [ -80.534157012323107, 43.450933135514191 ], [ -80.534099521941201, 43.450827755059606 ], [ -80.534037136637096, 43.450723861230209 ], [ -80.533851033153496, 43.450492647725007 ], [ -80.533847221383496, 43.4504860147945 ], [ -80.533846034959893, 43.450486438042802 ], [ -80.530226131007794, 43.451777823060098 ], [ -80.529284118480305, 43.452107852323799 ], [ -80.526587268502695, 43.45306818147921 ], [ -80.526800071707598, 43.453361552138993 ], [ -80.527231114358599, 43.453819367148498 ], [ -80.526980100782694, 43.453873554606602 ], [ -80.526438882415405, 43.454008241532108 ], [ -80.526150639517098, 43.454075556131393 ], [ -80.525281942676202, 43.454256041646403 ], [ -80.524507640541302, 43.45443460104169 ], [ -80.523368945992701, 43.454622153980289 ], [ -80.522316460316901, 43.454797543075493 ], [ -80.522057697076704, 43.454847775424703 ], [ -80.521456975916095, 43.455067804565694 ], [ -80.521521120453201, 43.455128031025296 ], [ -80.521113023848599, 43.455490113374495 ], [ -80.520539282351507, 43.45602245962079 ], [ -80.520206124911994, 43.456340029028098 ], [ -80.519884022290498, 43.456447690825087 ], [ -80.519617705794701, 43.456546892096696 ], [ -80.519202052169604, 43.456693013469 ], [ -80.519076979328602, 43.456738708957708 ], [ -80.51609826352832, 43.452212932878894 ], [ -80.516991256047802, 43.4519120111595 ] ] ] } },
{ "type": "Feature", "properties": { "pc": "FAIRFIELD", "area_ha": 124.78050867631585, "alive": 1163, "total": 1420, "removed": 257, "diversity": 2.1722034998270714, "last_insp": 2009.0, "dens": 9.3203659156163141, "attrition": 18.098591549295776, "backlog": 17.0, "I_deficit": 0.59244603288279052, "I_attrition": 0.38310014270645903, "I_monoculture": 0.4054815371924938, "I_backlog": 1.0, "score": 0.59525692819543585, "rank": 7, "priority": "High" }, "geometry": { "type": "Polygon", "coordinates": [ [ [ -80.484403587997704, 43.473846569404891 ], [ -80.484370355059113, 43.472359567877703 ], [ -80.484354487363007, 43.471287841111206 ], [ -80.484289915300707, 43.469278280499402 ], [ -80.484251040605216, 43.4687903514222 ], [ -80.484284514079107, 43.468510611731105 ], [ -80.484286445687303, 43.468007742967508 ], [ -80.484241339612893, 43.465603746663199 ], [ -80.486878645368506, 43.46557276123179 ], [ -80.487195051885905, 43.465574180632096 ], [ -80.487455929689105, 43.465548254832093 ], [ -80.488575944061694, 43.465159890478994 ], [ -80.489977243851897, 43.464569218974994 ], [ -80.4912839191214, 43.464113874591398 ], [ -80.492366660037504, 43.463738869011394 ], [ -80.4933184905953, 43.463444726047896 ], [ -80.494196142539806, 43.463109508574696 ], [ -80.495914215106893, 43.462452402418407 ], [ -80.496866319384694, 43.462117460799703 ], [ -80.497575603554907, 43.46186288438971 ], [ -80.497762309129598, 43.461809373496308 ], [ -80.497911540058098, 43.461755793049093 ], [ -80.498247025745798, 43.461703070337393 ], [ -80.498489240844009, 43.461663440172899 ], [ -80.498750428951197, 43.461596706866395 ], [ -80.499646177358599, 43.461315789797993 ], [ -80.500976281988798, 43.462542433341795 ], [ -80.501413615270394, 43.4629621053192 ], [ -80.5007382115665, 43.463195126353575 ], [ -80.500309841133117, 43.463342914326091 ], [ -80.500619859088104, 43.463639755959484 ], [ -80.500768688672096, 43.463788044860692 ], [ -80.501192167241797, 43.464179611657499 ], [ -80.501361533154906, 43.464334835779702 ], [ -80.501701789242503, 43.464646093615791 ], [ -80.501379014479994, 43.464862278358595 ], [ -80.501117029668706, 43.464937297814593 ], [ -80.500794251368802, 43.465153567136184 ], [ -80.500496576534502, 43.465365536725592 ], [ -80.500110822990294, 43.46564023034081 ], [ -80.499085558517095, 43.466006646364995 ], [ -80.498722278490604, 43.466212651271597 ], [ -80.498440730379897, 43.466351730714401 ], [ -80.500935746932996, 43.468647355390004 ], [ -80.497548125026796, 43.469832084440903 ], [ -80.495515840007002, 43.470555131107496 ], [ -80.496277533624294, 43.471249070175702 ], [ -80.496368092067996, 43.471331570683702 ], [ -80.495732228264202, 43.471492704582502 ], [ -80.495313049579195, 43.471598886030598 ], [ -80.495365173336793, 43.471656638897393 ], [ -80.495446777728205, 43.471737033341398 ], [ -80.496654110086695, 43.472821545451396 ], [ -80.494694164657403, 43.473493578580992 ], [ -80.493463634853796, 43.473913889226409 ], [ -80.492217048629101, 43.473452834581387 ], [ -80.491463049059803, 43.473278617781695 ], [ -80.490864779373894, 43.473171616920602 ], [ -80.489497652898507, 43.47311807627829 ], [ -80.489041588109103, 43.473134944836296 ], [ -80.488116362560504, 43.473197247844404 ], [ -80.487190313616196, 43.473344968581095 ], [ -80.484403587997704, 43.473846569404891 ] ] ] } },
{ "type": "Feature", "properties": { "pc": "BRIDGEPORT NORTH", "area_ha": 229.9939870388213, "alive": 990, "total": 1233, "removed": 243, "diversity": 2.4292892934758177, "last_insp": 2022.0, "dens": 4.3044603589262325, "attrition": 19.708029197080293, "backlog": 4.0, "I_deficit": 0.81335702111410924, "I_attrition": 0.41716775459017974, "I_monoculture": 0.24944230546450152, "I_backlog": 0.1875, "score": 0.41686677029219765, "rank": 28, "priority": "Medium" }, "geometry": { "type": "Polygon", "coordinates": [ [ [ -80.471037311941302, 43.486155376728583 ], [ -80.471360566954502, 43.485406964854093 ], [ -80.471882588090395, 43.484572956233407 ], [ -80.473193844944404, 43.484030934129201 ], [ -80.475295332101595, 43.483665647063383 ], [ -80.477395157803002, 43.483502233280603 ], [ -80.478389275892496, 43.483392983134699 ], [ -80.481378418903205, 43.485223638082708 ], [ -80.481884786048795, 43.484582079089499 ], [ -80.482397649163701, 43.485471502551796 ], [ -80.483030516871494, 43.485110030554701 ], [ -80.483178302212707, 43.485025619731893 ], [ -80.483459626435405, 43.484864933735103 ], [ -80.483732623991997, 43.484709002420104 ], [ -80.484325845559695, 43.484370159589702 ], [ -80.484410666392506, 43.48432171013549 ], [ -80.484327529526993, 43.4848649941773 ], [ -80.484242955056203, 43.485264952891583 ], [ -80.484161489662199, 43.485295123766292 ], [ -80.484065843703206, 43.485515988765492 ], [ -80.483997107151396, 43.485599242439591 ], [ -80.483996331360103, 43.485598697060901 ], [ -80.483928585958907, 43.485680753242896 ], [ -80.483864820617498, 43.485757988624286 ], [ -80.483676988892, 43.485985497271102 ], [ -80.4835120186914, 43.486185313557691 ], [ -80.483511874719298, 43.486185488627797 ], [ -80.4830131943868, 43.486792281890402 ], [ -80.482447119336598, 43.487504598505303 ], [ -80.482155536373696, 43.487868130504182 ], [ -80.481472868201493, 43.488719216338502 ], [ -80.481258290301099, 43.488986967638297 ], [ -80.481053692335294, 43.489242319432492 ], [ -80.480924734530205, 43.489515265739897 ], [ -80.480853734699295, 43.489665527901202 ], [ -80.480865150380694, 43.489979306746285 ], [ -80.480902566286204, 43.491008057299702 ], [ -80.480919945725603, 43.491472760565401 ], [ -80.480958928969898, 43.492268212103298 ], [ -80.481028377397493, 43.4936321032812 ], [ -80.4811139380393, 43.494837942913698 ], [ -80.481126057813697, 43.495008674989002 ], [ -80.481235365251806, 43.496867986303798 ], [ -80.481288845900607, 43.49778236125529 ], [ -80.481320298250921, 43.49832009269209 ], [ -80.4814020829659, 43.4986088008339 ], [ -80.481444826273403, 43.4987596995934 ], [ -80.481294100506304, 43.49899067213051 ], [ -80.480969364911303, 43.500116108544901 ], [ -80.480549517789996, 43.500218531867603 ], [ -80.479721087094603, 43.50042062876539 ], [ -80.478332790338598, 43.500759287998697 ], [ -80.477520875282394, 43.500959126404986 ], [ -80.478914033546502, 43.503268576855788 ], [ -80.479432380012298, 43.504079866922091 ], [ -80.478797093748994, 43.504190218631301 ], [ -80.478033007387907, 43.504247335774892 ], [ -80.477739153724812, 43.50431013025549 ], [ -80.476610185172504, 43.504567069827608 ], [ -80.4757542453073, 43.504713343331801 ], [ -80.474918953185707, 43.504972104785892 ], [ -80.473693078877801, 43.505363265135287 ], [ -80.473490724338205, 43.505484341978402 ], [ -80.473195940294005, 43.5056738835749 ], [ -80.472939977542097, 43.505938543368991 ], [ -80.472548134881094, 43.506427865011496 ], [ -80.472157882408496, 43.506700425428591 ], [ -80.47165130925751, 43.5068360564049 ], [ -80.471455520310812, 43.506830692372098 ], [ -80.470188734786205, 43.506747935322693 ], [ -80.469142155689696, 43.506679504822593 ], [ -80.468010752030395, 43.506392895232509 ], [ -80.467287055350894, 43.506198614176398 ], [ -80.466651155005593, 43.505886947518697 ], [ -80.466341964160307, 43.505576881315392 ], [ -80.465951028238095, 43.505144871624395 ], [ -80.465553706599593, 43.504387863138987 ], [ -80.465132172999702, 43.503565234561897 ], [ -80.464842755057404, 43.502860983093186 ], [ -80.464561741013696, 43.501352884171901 ], [ -80.464363593426896, 43.500694086049691 ], [ -80.464426280052507, 43.499984674192902 ], [ -80.464626700850403, 43.499696493004201 ], [ -80.4649846390802, 43.4991818125525 ], [ -80.465845870387, 43.498267339503393 ], [ -80.466445242043903, 43.497707712990085 ], [ -80.466765629912402, 43.49741708790129 ], [ -80.467064469430994, 43.497240113291596 ], [ -80.468111824159209, 43.496508338690198 ], [ -80.469331657494706, 43.495348801755881 ], [ -80.469978492943696, 43.494732206122784 ], [ -80.470708799378599, 43.4943575365049 ], [ -80.472052107282906, 43.493886961030803 ], [ -80.472687302161802, 43.493451025735098 ], [ -80.473065619561694, 43.492922814408495 ], [ -80.473261752069703, 43.492266831994897 ], [ -80.473323843259394, 43.49164710745319 ], [ -80.473294343416399, 43.491223525831892 ], [ -80.473213425835297, 43.490690014097602 ], [ -80.473137383362797, 43.490011706088502 ], [ -80.472682446453902, 43.4890053603269 ], [ -80.472293963374298, 43.488582122399492 ], [ -80.471506071160803, 43.488123978997493 ], [ -80.471012941732496, 43.487488856309405 ], [ -80.470914580646195, 43.487291063383694 ], [ -80.47088440563742, 43.487018223117701 ], [ -80.470882032455506, 43.486798295811298 ], [ -80.471037311941302, 43.486155376728583 ] ] ] } },
{ "type": "Feature", "properties": { "pc": "BRIDGEPORT EAST", "area_ha": 233.8426973279181, "alive": 672, "total": 834, "removed": 162, "diversity": 2.4961229593311458, "last_insp": 2011.0, "dens": 2.873726687550362, "attrition": 19.424460431654676, "backlog": 15.0, "I_deficit": 0.87636952915822652, "I_attrition": 0.41116534085506923, "I_monoculture": 0.20887734959658089, "I_backlog": 0.875, "score": 0.59285305490246909, "rank": 8, "priority": "High" }, "geometry": { "type": "Polygon", "coordinates": [ [ [ -80.455139308600806, 43.477273049517301 ], [ -80.457822678723204, 43.476229374903589 ], [ -80.458221394889804, 43.475914017393691 ], [ -80.459138507162095, 43.475168454503397 ], [ -80.460136611677598, 43.474221335085311 ], [ -80.461379294096602, 43.472467841039993 ], [ -80.462257787258096, 43.471606656176995 ], [ -80.463530054690494, 43.470978137569602 ], [ -80.465906554073499, 43.470816231330303 ], [ -80.470880999034094, 43.472600518054492 ], [ -80.470957425723597, 43.472627877330396 ], [ -80.472731862329312, 43.473414878728903 ], [ -80.4748974654443, 43.474751541235598 ], [ -80.480178820565996, 43.477458055365503 ], [ -80.481982480739504, 43.479485228094902 ], [ -80.482085494792202, 43.481331561323998 ], [ -80.480291673791996, 43.482765530713095 ], [ -80.478901031190105, 43.483336079145495 ], [ -80.478389275892496, 43.483392983134699 ], [ -80.477395157803002, 43.483502233280603 ], [ -80.475295332101595, 43.483665647063383 ], [ -80.473193844944404, 43.484030934129201 ], [ -80.471882588090395, 43.484572956233407 ], [ -80.471360566954502, 43.485406964854093 ], [ -80.471037311941302, 43.486155376728583 ], [ -80.470882032455506, 43.486798295811298 ], [ -80.470322074520794, 43.486989854243092 ], [ -80.469733312742207, 43.487193509027293 ], [ -80.469000648981904, 43.486080579848995 ], [ -80.468260949927696, 43.484980238415893 ], [ -80.468055605152401, 43.485051735370696 ], [ -80.467761076448497, 43.484607192871998 ], [ -80.466981275991799, 43.484924835084392 ], [ -80.466380262220099, 43.485170023294096 ], [ -80.465810426457693, 43.485402488223187 ], [ -80.465477754820398, 43.485538199525408 ], [ -80.465127376232402, 43.485004174032994 ], [ -80.464790433395905, 43.484504780333786 ], [ -80.463609610849801, 43.484920475700399 ], [ -80.462728544404698, 43.485235656821096 ], [ -80.461438283813905, 43.484663151474891 ], [ -80.460370602633006, 43.484187465884396 ], [ -80.460106018504504, 43.4840816087071 ], [ -80.458182754153498, 43.482828278392802 ], [ -80.457335906726001, 43.480949316901103 ], [ -80.456650475366402, 43.479450841915984 ], [ -80.456427701849407, 43.479131005437601 ], [ -80.456039538708893, 43.478573705028403 ], [ -80.455332738467106, 43.477519122728189 ], [ -80.455139308600806, 43.477273049517301 ] ] ] } },
{ "type": "Feature", "properties": { "pc": "CEDAR HILL", "area_ha": 37.031716687763137, "alive": 167, "total": 247, "removed": 80, "diversity": 2.1071278502654893, "last_insp": 2022.0, "dens": 4.5096478083389515, "attrition": 32.388663967611336, "backlog": 4.0, "I_deficit": 0.80432013600729735, "I_attrition": 0.68558383420428393, "I_monoculture": 0.44497945816926743, "I_backlog": 0.1875, "score": 0.53059585709521218, "rank": 15, "priority": "High" }, "geometry": { "type": "Polygon", "coordinates": [ [ [ -80.484113773473894, 43.446526248287405 ], [ -80.4831261603737, 43.446023128163702 ], [ -80.482360169543796, 43.445648758732702 ], [ -80.482123210418393, 43.4455329019532 ], [ -80.481803871763802, 43.4453857968279 ], [ -80.481221136115806, 43.445117128805897 ], [ -80.479626316748806, 43.444370772304886 ], [ -80.478360526251294, 43.443689187370303 ], [ -80.484335192724302, 43.441595767102498 ], [ -80.484513359309901, 43.441841834969111 ], [ -80.484454869741199, 43.441897135528393 ], [ -80.484572310212201, 43.441965370591703 ], [ -80.484670824385702, 43.441872277530592 ], [ -80.48482365374042, 43.441946157363098 ], [ -80.484731354594203, 43.442049626623714 ], [ -80.485361194559005, 43.442353784795102 ], [ -80.4854535285982, 43.442250279635886 ], [ -80.485908677766901, 43.442469443166502 ], [ -80.4856278844168, 43.442779789751988 ], [ -80.486000074547107, 43.442957073808692 ], [ -80.485906910688115, 43.443055216587602 ], [ -80.486202083713721, 43.443200199731187 ], [ -80.486023691171994, 43.443395269872788 ], [ -80.486681355970504, 43.44370734980189 ], [ -80.487104344690295, 43.443240835248588 ], [ -80.487408889867496, 43.4434162166758 ], [ -80.487397776940995, 43.443434746745808 ], [ -80.487317691309599, 43.4435274299368 ], [ -80.487821663998702, 43.443820143920192 ], [ -80.487738816017398, 43.443894915883703 ], [ -80.488478196066097, 43.444323837251702 ], [ -80.488671979383795, 43.444146684065203 ], [ -80.488967370549602, 43.444318194138908 ], [ -80.489087059528202, 43.444384831238203 ], [ -80.489240341070499, 43.444473855952289 ], [ -80.489162897966395, 43.4445446490721 ], [ -80.489316176052199, 43.444633670169999 ], [ -80.489198845008204, 43.444740939039704 ], [ -80.489502508404598, 43.44492162656929 ], [ -80.489661758204605, 43.445017671547198 ], [ -80.489755863723701, 43.444931235401491 ], [ -80.489815395015597, 43.444965343338914 ], [ -80.489908879267404, 43.444878745183196 ], [ -80.490127606834804, 43.445004645714683 ], [ -80.490026039756003, 43.445101128848783 ], [ -80.490248823455801, 43.445225846030702 ], [ -80.489881961603302, 43.44556070642529 ], [ -80.490096962304307, 43.445685468438093 ], [ -80.490425371076, 43.445381483684798 ], [ -80.490579306052794, 43.445474293202807 ], [ -80.490759955707105, 43.445307994898499 ], [ -80.491271148768902, 43.44560173462849 ], [ -80.491171695032804, 43.445693547504902 ], [ -80.491879091359905, 43.446100301641792 ], [ -80.491704992653595, 43.446269696470104 ], [ -80.492418560294894, 43.4466731036064 ], [ -80.491427918713697, 43.447598439438302 ], [ -80.490010968495298, 43.446769331098999 ], [ -80.489334825561599, 43.44739311201581 ], [ -80.488287250160198, 43.448359527545499 ], [ -80.487619865639005, 43.448077144579194 ], [ -80.485196783098402, 43.447051837036383 ], [ -80.484113773473894, 43.446526248287405 ] ] ] } },
{ "type": "Feature", "properties": { "pc": "KING EAST", "area_ha": 63.562168775699099, "alive": 623, "total": 783, "removed": 160, "diversity": 2.1529600585702644, "last_insp": 2009.0, "dens": 9.8014276730938654, "attrition": 20.434227330779056, "backlog": 17.0, "I_deficit": 0.57125906533653792, "I_attrition": 0.43253948160525707, "I_monoculture": 0.41716141940962448, "I_backlog": 1.0, "score": 0.6052399915878548, "rank": 6, "priority": "High" }, "geometry": { "type": "Polygon", "coordinates": [ [ [ -80.467293481971694, 43.444120070266912 ], [ -80.465347116757698, 43.44234135814699 ], [ -80.468613791845598, 43.440806438545408 ], [ -80.468747411993505, 43.440709473437892 ], [ -80.467403416459206, 43.440207631813799 ], [ -80.467797603056198, 43.439782926245499 ], [ -80.468089870315509, 43.439515314462895 ], [ -80.469051062077895, 43.439882466714401 ], [ -80.474394672498207, 43.442140234228297 ], [ -80.475195228227307, 43.442407415128891 ], [ -80.475590336453493, 43.442496912058395 ], [ -80.476839598704302, 43.44271293333999 ], [ -80.477340791280795, 43.442991155056703 ], [ -80.477443848562203, 43.443117121716909 ], [ -80.477689113293707, 43.443343394607886 ], [ -80.477934978148596, 43.443488557927601 ], [ -80.478360526251294, 43.443689187370303 ], [ -80.479626316748806, 43.444370772304886 ], [ -80.481221136115806, 43.445117128805897 ], [ -80.481803871763802, 43.4453857968279 ], [ -80.482123210418393, 43.4455329019532 ], [ -80.482360169543796, 43.445648758732702 ], [ -80.4831261603737, 43.446023128163702 ], [ -80.484113773473894, 43.446526248287405 ], [ -80.483438346394806, 43.447322975302797 ], [ -80.482052979033796, 43.4489153759557 ], [ -80.481779410781002, 43.449185050879201 ], [ -80.481659646309097, 43.449319455851196 ], [ -80.474931439597398, 43.446276890535508 ], [ -80.474314324705901, 43.4461332628332 ], [ -80.473708303206806, 43.446196178290897 ], [ -80.473170238248301, 43.446468309628209 ], [ -80.472579276679099, 43.446264942189799 ], [ -80.470214527867299, 43.445344483459692 ], [ -80.4697209237317, 43.445167276376488 ], [ -80.468451019654395, 43.444710621852792 ], [ -80.467702949524494, 43.444443008135295 ], [ -80.467546975168602, 43.444345506801483 ], [ -80.467460027419605, 43.444255526371698 ], [ -80.467293481971694, 43.444120070266912 ] ] ] } },
{ "type": "Feature", "properties": { "pc": "ROCKWAY", "area_ha": 113.3137156443527, "alive": 1552, "total": 1656, "removed": 104, "diversity": 1.6836857249976633, "last_insp": 2009.0, "dens": 13.696488471626147, "attrition": 6.2801932367149762, "backlog": 17.0, "I_deficit": 0.39971242824382491, "I_attrition": 0.13293536785205048, "I_monoculture": 0.70198931845869095, "I_backlog": 1.0, "score": 0.55865927863864151, "rank": 13, "priority": "High" }, "geometry": { "type": "Polygon", "coordinates": [ [ [ -80.457002964808396, 43.436236217398196 ], [ -80.457403925813196, 43.4347504494555 ], [ -80.458129412628494, 43.433534044021592 ], [ -80.459076016657605, 43.432631160956795 ], [ -80.459938354704207, 43.432069872654196 ], [ -80.4611267964017, 43.431554863773989 ], [ -80.462477438360509, 43.431174471197991 ], [ -80.464418657005794, 43.430945549945399 ], [ -80.466542622839597, 43.430821521350303 ], [ -80.469689834117005, 43.430596419523305 ], [ -80.471817614056604, 43.430335833348003 ], [ -80.473710918003206, 43.430009127204102 ], [ -80.478598111635804, 43.434467046871895 ], [ -80.476364574108999, 43.434130703302316 ], [ -80.474790054683893, 43.433891884412304 ], [ -80.474559175752404, 43.433895239859893 ], [ -80.474282260277903, 43.434070225404696 ], [ -80.473586175508601, 43.434689838686481 ], [ -80.473542617940595, 43.434729546012505 ], [ -80.4734748330564, 43.434800950668603 ], [ -80.473366106521198, 43.434955286472601 ], [ -80.473325990883296, 43.43503704239329 ], [ -80.473295805781603, 43.4351210354641 ], [ -80.473275782338007, 43.43520662623169 ], [ -80.473266069405796, 43.435293163204783 ], [ -80.473266744723205, 43.435379987567899 ], [ -80.473277801271095, 43.435466438363903 ], [ -80.473299155218101, 43.435551858358799 ], [ -80.473330644294407, 43.435635596948707 ], [ -80.473372028528601, 43.435717017157103 ], [ -80.473422993420797, 43.435795498563998 ], [ -80.473483150674596, 43.435870444886497 ], [ -80.473552042990093, 43.435941284584104 ], [ -80.473629146386401, 43.436007479612094 ], [ -80.473713872599802, 43.43606852543391 ], [ -80.473805577821196, 43.436123958054701 ], [ -80.473903564284399, 43.436173355196004 ], [ -80.474018385826597, 43.436221543975392 ], [ -80.473932783659507, 43.436321561778492 ], [ -80.473837905994699, 43.436440407573095 ], [ -80.472949010351897, 43.437333664795901 ], [ -80.472957514495306, 43.437615759013191 ], [ -80.472926364613301, 43.437705646863201 ], [ -80.473079656646604, 43.437806032827993 ], [ -80.473170421260207, 43.437862301460299 ], [ -80.471998796779602, 43.439084896776698 ], [ -80.4687549235272, 43.4389879980586 ], [ -80.468625389011905, 43.43899134368769 ], [ -80.468538036677998, 43.439043124528908 ], [ -80.468089870315509, 43.439515314462895 ], [ -80.467800419615102, 43.439391688593602 ], [ -80.467622732322397, 43.439308485517493 ], [ -80.467298811888497, 43.439227126427006 ], [ -80.466805098695403, 43.4391730612099 ], [ -80.466400942662801, 43.439131743798796 ], [ -80.465527862120396, 43.439056906760499 ], [ -80.465113212741997, 43.439003833781292 ], [ -80.464071909825194, 43.438790370302598 ], [ -80.457002964808396, 43.436236217398196 ] ] ] } },
{ "type": "Feature", "properties": { "pc": "MILL COURTLAND WOODSIDE PARK", "area_ha": 171.23107004137634, "alive": 909, "total": 1182, "removed": 273, "diversity": 2.4636783049043718, "last_insp": 2022.0, "dens": 5.3086160109864924, "attrition": 23.096446700507613, "backlog": 4.0, "I_deficit": 0.76913190265293196, "I_attrition": 0.48889174623761705, "I_monoculture": 0.22856975997282691, "I_backlog": 0.1875, "score": 0.41852335221584397, "rank": 27, "priority": "Medium" }, "geometry": { "type": "Polygon", "coordinates": [ [ [ -80.478360526251294, 43.443689187370303 ], [ -80.477934978148596, 43.443488557927601 ], [ -80.477689113293707, 43.443343394607886 ], [ -80.477443848562203, 43.443117121716909 ], [ -80.477340791280795, 43.442991155056703 ], [ -80.476839598704302, 43.44271293333999 ], [ -80.475590336453493, 43.442496912058395 ], [ -80.475195228227307, 43.442407415128891 ], [ -80.474394672498207, 43.442140234228297 ], [ -80.469051062077895, 43.439882466714401 ], [ -80.468089870315509, 43.439515314462895 ], [ -80.468538036677998, 43.439043124528908 ], [ -80.468625389011905, 43.43899134368769 ], [ -80.4687549235272, 43.4389879980586 ], [ -80.471998796779602, 43.439084896776698 ], [ -80.473170421260207, 43.437862301460299 ], [ -80.473079656646604, 43.437806032827993 ], [ -80.472926364613301, 43.437705646863201 ], [ -80.472957514495306, 43.437615759013191 ], [ -80.472949010351897, 43.437333664795901 ], [ -80.473837905994699, 43.436440407573095 ], [ -80.473932783659507, 43.436321561778492 ], [ -80.474018385826597, 43.436221543975392 ], [ -80.473903564284399, 43.436173355196004 ], [ -80.473805577821196, 43.436123958054701 ], [ -80.473713872599802, 43.43606852543391 ], [ -80.473629146386401, 43.436007479612094 ], [ -80.473552042990093, 43.435941284584104 ], [ -80.473483150674596, 43.435870444886497 ], [ -80.473422993420797, 43.435795498563998 ], [ -80.473372028528601, 43.435717017157103 ], [ -80.473330644294407, 43.435635596948707 ], [ -80.473299155218101, 43.435551858358799 ], [ -80.473277801271095, 43.435466438363903 ], [ -80.473266744723205, 43.435379987567899 ], [ -80.473266069405796, 43.435293163204783 ], [ -80.473275782338007, 43.43520662623169 ], [ -80.473295805781603, 43.4351210354641 ], [ -80.473325990883296, 43.43503704239329 ], [ -80.473366106521198, 43.434955286472601 ], [ -80.4734748330564, 43.434800950668603 ], [ -80.473542617940595, 43.434729546012505 ], [ -80.473586175508601, 43.434689838686481 ], [ -80.474282260277903, 43.434070225404696 ], [ -80.474559175752404, 43.433895239859893 ], [ -80.474790054683893, 43.433891884412304 ], [ -80.476364574108999, 43.434130703302316 ], [ -80.478598111635804, 43.434467046871895 ], [ -80.478842215717194, 43.4336354835119 ], [ -80.483060466104206, 43.434264001568103 ], [ -80.483639977026002, 43.434360310842294 ], [ -80.483794599321797, 43.434140261784002 ], [ -80.483913766097402, 43.433997113191893 ], [ -80.484076421868707, 43.434018608002383 ], [ -80.484963847553303, 43.434160077760595 ], [ -80.484996926128403, 43.434069889267597 ], [ -80.485126208529294, 43.434066543764196 ], [ -80.486211337559993, 43.435057261907602 ], [ -80.486373998911304, 43.435085999166496 ], [ -80.487300735205807, 43.435921129673289 ], [ -80.487182975963506, 43.435963729017587 ], [ -80.487873030356198, 43.436977573930591 ], [ -80.488090665460902, 43.436898852200684 ], [ -80.488373221935106, 43.437313600791597 ], [ -80.4911717723691, 43.436289197678903 ], [ -80.491583666799997, 43.436924987536784 ], [ -80.492517548427003, 43.438302230884602 ], [ -80.492667070074503, 43.438456074355599 ], [ -80.493169924215806, 43.438866785758286 ], [ -80.493485754450205, 43.439099920124796 ], [ -80.494230987487995, 43.439511698990792 ], [ -80.496210173499307, 43.440304660070503 ], [ -80.498138229006102, 43.441022438456599 ], [ -80.492418560294894, 43.4466731036064 ], [ -80.491704992653595, 43.446269696470104 ], [ -80.491879091359905, 43.446100301641792 ], [ -80.491171695032804, 43.445693547504902 ], [ -80.491271148768902, 43.44560173462849 ], [ -80.490759955707105, 43.445307994898499 ], [ -80.490579306052794, 43.445474293202807 ], [ -80.490425371076, 43.445381483684798 ], [ -80.490096962304307, 43.445685468438093 ], [ -80.489881961603302, 43.44556070642529 ], [ -80.490248823455801, 43.445225846030702 ], [ -80.490026039756003, 43.445101128848783 ], [ -80.490127606834804, 43.445004645714683 ], [ -80.489908879267404, 43.444878745183196 ], [ -80.489815395015597, 43.444965343338914 ], [ -80.489755863723701, 43.444931235401491 ], [ -80.489661758204605, 43.445017671547198 ], [ -80.489502508404598, 43.44492162656929 ], [ -80.489198845008204, 43.444740939039704 ], [ -80.489316176052199, 43.444633670169999 ], [ -80.489162897966395, 43.4445446490721 ], [ -80.489240341070499, 43.444473855952289 ], [ -80.489087059528202, 43.444384831238203 ], [ -80.488967370549602, 43.444318194138908 ], [ -80.488671979383795, 43.444146684065203 ], [ -80.488478196066097, 43.444323837251702 ], [ -80.487738816017398, 43.443894915883703 ], [ -80.487821663998702, 43.443820143920192 ], [ -80.487317691309599, 43.4435274299368 ], [ -80.487397776940995, 43.443434746745808 ], [ -80.487408889867496, 43.4434162166758 ], [ -80.487104344690295, 43.443240835248588 ], [ -80.486681355970504, 43.44370734980189 ], [ -80.486023691171994, 43.443395269872788 ], [ -80.486202083713721, 43.443200199731187 ], [ -80.485906910688115, 43.443055216587602 ], [ -80.486000074547107, 43.442957073808692 ], [ -80.4856278844168, 43.442779789751988 ], [ -80.485908677766901, 43.442469443166502 ], [ -80.4854535285982, 43.442250279635886 ], [ -80.485361194559005, 43.442353784795102 ], [ -80.484731354594203, 43.442049626623714 ], [ -80.48482365374042, 43.441946157363098 ], [ -80.484670824385702, 43.441872277530592 ], [ -80.484572310212201, 43.441965370591703 ], [ -80.484454869741199, 43.441897135528393 ], [ -80.484513359309901, 43.441841834969111 ], [ -80.484335192724302, 43.441595767102498 ], [ -80.478360526251294, 43.443689187370303 ] ] ] } },
{ "type": "Feature", "properties": { "pc": "VICTORIA PARK", "area_ha": 74.432929369839528, "alive": 1695, "total": 2241, "removed": 546, "diversity": 2.58072805539945, "last_insp": 2023.0, "dens": 22.772179119512387, "attrition": 24.364123159303883, "backlog": 3.0, "I_deficit": 0.0, "I_attrition": 0.51572516202843677, "I_monoculture": 0.15752595439343509, "I_backlog": 0.125, "score": 0.19956277910546796, "rank": 51, "priority": "Low" }, "geometry": { "type": "Polygon", "coordinates": [ [ [ -80.505742472587002, 43.444648231038585 ], [ -80.505684562541106, 43.445540043553599 ], [ -80.501465110305304, 43.449370623418396 ], [ -80.501312638610401, 43.449508547301001 ], [ -80.500141816833207, 43.449141225519291 ], [ -80.499633191305719, 43.449974096113905 ], [ -80.498485303667394, 43.449616919053497 ], [ -80.4979952311554, 43.450429740463406 ], [ -80.497508136310799, 43.450281532399607 ], [ -80.494985656970599, 43.449489456053399 ], [ -80.494245569561798, 43.449256531857202 ], [ -80.493820929905695, 43.449147331044003 ], [ -80.493452232371496, 43.449199359061197 ], [ -80.4931168152564, 43.449185948157094 ], [ -80.492880046565105, 43.4491193131282 ], [ -80.492743773982298, 43.449035987238403 ], [ -80.492647754079798, 43.448977274710202 ], [ -80.492436703400401, 43.448848223934803 ], [ -80.492225709331706, 43.448719206822595 ], [ -80.491892353520299, 43.448510835540191 ], [ -80.491023696585003, 43.447984190890693 ], [ -80.491427918713697, 43.447598439438302 ], [ -80.492418560294894, 43.4466731036064 ], [ -80.498138229006102, 43.441022438456599 ], [ -80.498624402807906, 43.441096530239193 ], [ -80.500648543633616, 43.441276257560908 ], [ -80.500785412887495, 43.441286035822806 ], [ -80.501235439105201, 43.441293042165896 ], [ -80.501724619785108, 43.441272126913702 ], [ -80.502095883504396, 43.441228643253801 ], [ -80.502733222697302, 43.441816762147504 ], [ -80.503923146008304, 43.442920510818702 ], [ -80.505505438418098, 43.444386133805793 ], [ -80.505742472587002, 43.444648231038585 ] ] ] } },
{ "type": "Feature", "properties": { "pc": "CITY COMMERCIAL CORE", "area_ha": 92.412481575800072, "alive": 507, "total": 961, "removed": 454, "diversity": 2.8402633309646879, "last_insp": 2022.0, "dens": 5.486271890492846, "attrition": 47.242455775234134, "backlog": 4.0, "I_deficit": 0.76130756555900336, "I_attrition": 1.0, "I_monoculture": 0.0, "I_backlog": 0.1875, "score": 0.48720189138975084, "rank": 17, "priority": "High" }, "geometry": { "type": "Polygon", "coordinates": [ [ [ -80.481815139014898, 43.453718339746395 ], [ -80.482019405444319, 43.453564299847493 ], [ -80.483305941888702, 43.452905923981696 ], [ -80.485097313954597, 43.4519435505877 ], [ -80.484094817001207, 43.451082898050693 ], [ -80.484128565448302, 43.4510609560147 ], [ -80.484156782354404, 43.451035201239705 ], [ -80.484217415010093, 43.450970820862409 ], [ -80.484503195713003, 43.450603636255494 ], [ -80.483502436981894, 43.450150148561406 ], [ -80.481659646309097, 43.449319455851196 ], [ -80.481779410781002, 43.449185050879201 ], [ -80.482052979033796, 43.4489153759557 ], [ -80.483438346394806, 43.447322975302797 ], [ -80.484113773473894, 43.446526248287405 ], [ -80.485196783098402, 43.447051837036383 ], [ -80.487619865639005, 43.448077144579194 ], [ -80.488287250160198, 43.448359527545499 ], [ -80.489334825561599, 43.44739311201581 ], [ -80.490010968495298, 43.446769331098999 ], [ -80.491427918713697, 43.447598439438302 ], [ -80.491023696585003, 43.447984190890693 ], [ -80.491892353520299, 43.448510835540191 ], [ -80.492225709331706, 43.448719206822595 ], [ -80.492436703400401, 43.448848223934803 ], [ -80.492647754079798, 43.448977274710202 ], [ -80.492743773982298, 43.449035987238403 ], [ -80.492880046565105, 43.4491193131282 ], [ -80.4931168152564, 43.449185948157094 ], [ -80.493452232371496, 43.449199359061197 ], [ -80.493820929905695, 43.449147331044003 ], [ -80.494245569561798, 43.449256531857202 ], [ -80.494985656970599, 43.449489456053399 ], [ -80.497508136310799, 43.450281532399607 ], [ -80.4979952311554, 43.450429740463406 ], [ -80.498485303667394, 43.449616919053497 ], [ -80.499633191305719, 43.449974096113905 ], [ -80.500141816833207, 43.449141225519291 ], [ -80.501312638610401, 43.449508547301001 ], [ -80.501465110305304, 43.449370623418396 ], [ -80.502060889328803, 43.449763342877191 ], [ -80.502376270976299, 43.449476289246292 ], [ -80.502747423453997, 43.4496858393195 ], [ -80.503067403513498, 43.449398803772603 ], [ -80.503314821475996, 43.449540738104396 ], [ -80.504011240442793, 43.449942862314387 ], [ -80.504180818870694, 43.450034150020691 ], [ -80.503915986139219, 43.450595477274796 ], [ -80.503481803819398, 43.4512513039287 ], [ -80.502867262849094, 43.45188168151509 ], [ -80.502538047899407, 43.4521649962428 ], [ -80.502353493596303, 43.452323817167184 ], [ -80.502241593966417, 43.452405513614806 ], [ -80.502018303840103, 43.452562126067704 ], [ -80.501789375115905, 43.452708672032493 ], [ -80.501453807206005, 43.452901231731296 ], [ -80.501025154761194, 43.453087241909699 ], [ -80.500518959212201, 43.453281551579195 ], [ -80.500021648782706, 43.453472446363484 ], [ -80.498964077323805, 43.453821575395793 ], [ -80.498069073338797, 43.454117026154194 ], [ -80.496162823518105, 43.454746267100489 ], [ -80.494171041770798, 43.455411628101608 ], [ -80.493764857568493, 43.454820063368004 ], [ -80.493723493563095, 43.454776766409502 ], [ -80.493657878150501, 43.454709106079299 ], [ -80.493601330575501, 43.45467230793799 ], [ -80.493493761060904, 43.454602308175794 ], [ -80.493362443293805, 43.454519786610199 ], [ -80.492849405669702, 43.454264490375408 ], [ -80.490937630102493, 43.4533997318009 ], [ -80.490543952744602, 43.453225851325897 ], [ -80.488773205561898, 43.452491084486091 ], [ -80.487465286687495, 43.451902945627502 ], [ -80.484683393581093, 43.455372528827191 ], [ -80.483469227624994, 43.454687268697995 ], [ -80.4819412982079, 43.453852895651806 ], [ -80.481815139014898, 43.453718339746395 ] ] ] } },
{ "type": "Feature", "properties": { "pc": "DOON SOUTH", "area_ha": 880.5391679990521, "alive": 4180, "total": 4783, "removed": 603, "diversity": 2.4948667372574969, "last_insp": 2021.0, "dens": 4.7470915001983194, "attrition": 12.607150324064396, "backlog": 5.0, "I_deficit": 0.79386261841149974, "I_attrition": 0.26686060487722207, "I_monoculture": 0.20963981851588553, "I_backlog": 0.25, "score": 0.38009076045115187, "rank": 39, "priority": "Low" }, "geometry": { "type": "Polygon", "coordinates": [ [ [ -80.435437600586894, 43.390846906321798 ], [ -80.435117969149005, 43.390757859141893 ], [ -80.434460199031804, 43.391087041223287 ], [ -80.434373799860396, 43.391126673019798 ], [ -80.434166100254899, 43.390874922486098 ], [ -80.433659059029594, 43.390537335374702 ], [ -80.433442104257395, 43.3903941090473 ], [ -80.433344777845605, 43.390240583766001 ], [ -80.433222210979906, 43.390140859102608 ], [ -80.433049256579295, 43.3901490024612 ], [ -80.432467192222106, 43.390335263066696 ], [ -80.432285913213207, 43.390379581615683 ], [ -80.432053971888493, 43.390436285214996 ], [ -80.431799598975402, 43.390437665382898 ], [ -80.431577297602601, 43.3904388716008 ], [ -80.431356791750702, 43.390496352166707 ], [ -80.4313242388654, 43.390504837752196 ], [ -80.431168603855696, 43.390571880702787 ], [ -80.430970827489702, 43.390588902178202 ], [ -80.430822427544399, 43.39055758666769 ], [ -80.430490202833397, 43.390487478713894 ], [ -80.430293282136105, 43.390423481128394 ], [ -80.4301585672534, 43.390305777632797 ], [ -80.430024281147396, 43.390142970876298 ], [ -80.429656523396204, 43.389862053181993 ], [ -80.4294599279106, 43.389753044373997 ], [ -80.429201406151407, 43.389679643080697 ], [ -80.428831436137898, 43.389623780359102 ], [ -80.427732645708602, 43.389618287308593 ], [ -80.427275585745207, 43.389643005301302 ], [ -80.426979482947203, 43.389614516014198 ], [ -80.426189448157501, 43.389601550031998 ], [ -80.426700128112799, 43.3909753581408 ], [ -80.426705689834193, 43.390990269756507 ], [ -80.425977792615996, 43.390917247143598 ], [ -80.425784732056897, 43.390897877411497 ], [ -80.424421496067595, 43.390484466557794 ], [ -80.424052275987094, 43.390435611763301 ], [ -80.423360936817105, 43.390353266957092 ], [ -80.423309739009895, 43.390345272889299 ], [ -80.422976552485395, 43.390293260200707 ], [ -80.4228573271958, 43.390292661783192 ], [ -80.422764183044407, 43.390292188476295 ], [ -80.422547692315504, 43.390263409362589 ], [ -80.421760156198602, 43.39015882779119 ], [ -80.421136030950194, 43.3899757017167 ], [ -80.420657568964103, 43.3898353072357 ], [ -80.419776459118196, 43.38941119778989 ], [ -80.419184137807406, 43.389156939920099 ], [ -80.419068424335094, 43.389107267960703 ], [ -80.418127451631506, 43.388703336312894 ], [ -80.418101934305895, 43.388692382152783 ], [ -80.4176022098262, 43.388519121517795 ], [ -80.416117349303505, 43.388004282518686 ], [ -80.415551743734198, 43.387834385082101 ], [ -80.415124591298607, 43.387706073903004 ], [ -80.414645338671306, 43.387562110075095 ], [ -80.414612200104401, 43.387552155312697 ], [ -80.413602635663494, 43.387248879977491 ], [ -80.409851890225397, 43.386196444124884 ], [ -80.404663735498005, 43.38473526778489 ], [ -80.404638060685201, 43.384733719305885 ], [ -80.405620172222712, 43.383059287283601 ], [ -80.405845239177509, 43.382675550905503 ], [ -80.406678847456902, 43.381191630854389 ], [ -80.407006241818706, 43.380608809931296 ], [ -80.407378754863899, 43.379956824105911 ], [ -80.408724601364099, 43.377601133048898 ], [ -80.40900564012621, 43.377109122689994 ], [ -80.409128203382096, 43.376894654148693 ], [ -80.411673854731006, 43.372438237115297 ], [ -80.412784889986497, 43.37049303300779 ], [ -80.413065420055901, 43.369984723911799 ], [ -80.414047577140195, 43.369811899009399 ], [ -80.4194259305347, 43.368867222284997 ], [ -80.430686657060704, 43.366910106597793 ], [ -80.433844119421394, 43.366312640077687 ], [ -80.436808985034105, 43.365800841977197 ], [ -80.437218982140394, 43.365730061497096 ], [ -80.439290723654395, 43.365372376012189 ], [ -80.439330181488202, 43.365365560306799 ], [ -80.439584736872305, 43.365321590019001 ], [ -80.439883259947294, 43.36527002454401 ], [ -80.440304338490506, 43.365197287562701 ], [ -80.440687638965898, 43.365127142647502 ], [ -80.440759361266899, 43.365113403395604 ], [ -80.441545517190207, 43.364962798814602 ], [ -80.442244977233699, 43.36482879643129 ], [ -80.4435414358706, 43.364580409636197 ], [ -80.444445963966899, 43.364454265286199 ], [ -80.446173745424403, 43.364180908876392 ], [ -80.448169132468607, 43.363808308880898 ], [ -80.450848285133802, 43.363343898 ], [ -80.452641615644097, 43.363032998491583 ], [ -80.453245779874806, 43.364071000025291 ], [ -80.453816058463602, 43.365702907504193 ], [ -80.454274128320904, 43.367013655353503 ], [ -80.455328263256106, 43.370179244319992 ], [ -80.456457550847105, 43.373477127044296 ], [ -80.456377063896795, 43.373492478043303 ], [ -80.456335819597598, 43.373500343721389 ], [ -80.454552978267699, 43.37384034751139 ], [ -80.454062625718194, 43.373931341383191 ], [ -80.453517913165101, 43.374089273948904 ], [ -80.450805526954198, 43.37465029159091 ], [ -80.4509727425542, 43.37512202589069 ], [ -80.452877537573698, 43.380493838118404 ], [ -80.452960129610105, 43.380726737479101 ], [ -80.454558162891999, 43.385232657081097 ], [ -80.454581213464806, 43.385297646589891 ], [ -80.454699442904101, 43.385630985857794 ], [ -80.448034025303599, 43.386975811397896 ], [ -80.448010798580498, 43.3869784933839 ], [ -80.447442828435399, 43.387043149717293 ], [ -80.447266985888703, 43.387053264775403 ], [ -80.446962050397303, 43.387070803094105 ], [ -80.446942765939994, 43.387076104517696 ], [ -80.446783132840594, 43.387119991828001 ], [ -80.446302806289694, 43.387097681454108 ], [ -80.446115334600606, 43.387106261544091 ], [ -80.445848149855806, 43.387118490038205 ], [ -80.4453138488132, 43.387142942571195 ], [ -80.444874289776394, 43.387160886537799 ], [ -80.444612830450694, 43.387229657028286 ], [ -80.444406610747293, 43.387258726516393 ], [ -80.444275498851098, 43.387295368495401 ], [ -80.444115071113202, 43.387232281302694 ], [ -80.444115826302095, 43.387149641913609 ], [ -80.444058525168501, 43.387036739503792 ], [ -80.4439180180797, 43.38701597961591 ], [ -80.443864675841297, 43.387026474622985 ], [ -80.443756364537904, 43.387047782452193 ], [ -80.443699100952301, 43.387067614490199 ], [ -80.443549752391107, 43.38711933917611 ], [ -80.4433748941006, 43.38710345412639 ], [ -80.443224805937916, 43.386995142301799 ], [ -80.443173476683299, 43.386974815625408 ], [ -80.443142786128405, 43.386957201086197 ], [ -80.442967756891505, 43.386948788802393 ], [ -80.442930737685799, 43.386975449588093 ], [ -80.442815777480902, 43.387058241335993 ], [ -80.442796645612006, 43.387063858114999 ], [ -80.442623045113294, 43.387114826392505 ], [ -80.442575268574402, 43.387150966246097 ], [ -80.442470856894701, 43.387229945474488 ], [ -80.442398483640204, 43.387284689940593 ], [ -80.442353425208807, 43.387318773904092 ], [ -80.442184330464698, 43.38741814716991 ], [ -80.442078260598393, 43.387473402568801 ], [ -80.442046332959308, 43.387490035241484 ], [ -80.442037583786501, 43.387512432118307 ], [ -80.442011194693904, 43.387579980494195 ], [ -80.442013165051705, 43.387742758382096 ], [ -80.441879661396598, 43.387838823005509 ], [ -80.441823159545194, 43.387879480607104 ], [ -80.441745891770296, 43.387877180115296 ], [ -80.4416206173793, 43.38787344921959 ], [ -80.441387833363294, 43.387812266869695 ], [ -80.441070200619194, 43.387867068824299 ], [ -80.440978730541602, 43.387882826182 ], [ -80.440852023472502, 43.387922719305209 ], [ -80.440751447804899, 43.387954366549295 ], [ -80.440650494001403, 43.388116550751199 ], [ -80.440647764129693, 43.388153740057398 ], [ -80.440638737331298, 43.388276740180693 ], [ -80.440635032606295, 43.388409595185884 ], [ -80.440631928639206, 43.388466040255302 ], [ -80.440580862798001, 43.388591908296092 ], [ -80.440541993081695, 43.388586331633903 ], [ -80.4403820839632, 43.388563389453701 ], [ -80.440158675745295, 43.388589842338007 ], [ -80.439976914517601, 43.388571396977504 ], [ -80.439836863066404, 43.388500580825102 ], [ -80.439658448706297, 43.388494757975998 ], [ -80.439297181174098, 43.388588052794198 ], [ -80.439129175911901, 43.388557251662199 ], [ -80.438919457206396, 43.388553737462701 ], [ -80.438546474746403, 43.388474267219401 ], [ -80.438246376393394, 43.388635471424408 ], [ -80.438050166925805, 43.38862694699101 ], [ -80.437858637185997, 43.388618622404394 ], [ -80.437797716087104, 43.38859689925129 ], [ -80.4376679293309, 43.3885506196943 ], [ -80.437595210825805, 43.388524689253188 ], [ -80.437467372124104, 43.38860913452649 ], [ -80.437279493939201, 43.388888555189801 ], [ -80.437086650777715, 43.388945220101398 ], [ -80.436948584417195, 43.389034657093795 ], [ -80.4367648852554, 43.389120252140003 ], [ -80.436663708834601, 43.389167394945197 ], [ -80.436717669698893, 43.389198393969203 ], [ -80.437132702811212, 43.3894368124637 ], [ -80.437768673397301, 43.38986000182571 ], [ -80.4373772074903, 43.390110385051699 ], [ -80.437651199130599, 43.390251653912699 ], [ -80.437899365998504, 43.390379498495406 ], [ -80.437673958273393, 43.390457489774903 ], [ -80.436966471492596, 43.390830768986191 ], [ -80.437593880214706, 43.391135263909803 ], [ -80.436414260664407, 43.391729390682201 ], [ -80.435437600586894, 43.390846906321798 ] ] ] } },
{ "type": "Feature", "properties": { "pc": "PIONEER PARK", "area_ha": 360.54932334110731, "alive": 2383, "total": 3293, "removed": 910, "diversity": 2.340376991044026, "last_insp": 2021.0, "dens": 6.6093592352841535, "attrition": 27.634375948982694, "backlog": 5.0, "I_deficit": 0.7118444462072, "I_attrition": 0.58494791380996403, "I_monoculture": 0.30340797647928863, "I_backlog": 0.25, "score": 0.46255008412411319, "rank": 19, "priority": "Medium" }, "geometry": { "type": "Polygon", "coordinates": [ [ [ -80.428061973577499, 43.400922856322104 ], [ -80.427926655968704, 43.400835788466097 ], [ -80.427820050362897, 43.400838433883976 ], [ -80.427692008179093, 43.400841610707303 ], [ -80.426162931690499, 43.400879542454184 ], [ -80.425577708143905, 43.4008940537367 ], [ -80.425359201059095, 43.400910837181094 ], [ -80.425234308852012, 43.400920429458814 ], [ -80.424948058032399, 43.400942414910084 ], [ -80.423240093499899, 43.401073578524496 ], [ -80.423007785865494, 43.4010914168122 ], [ -80.4217999566076, 43.401071396733599 ], [ -80.421037682053097, 43.401058754589101 ], [ -80.420613607691493, 43.401051719263393 ], [ -80.420498822054896, 43.40104981463999 ], [ -80.420398900015897, 43.401048156586192 ], [ -80.420188435271598, 43.400979879019104 ], [ -80.420156073046201, 43.400969379626702 ], [ -80.419676459602002, 43.400813783976091 ], [ -80.419234305626716, 43.400670337954793 ], [ -80.418454884397903, 43.400417467641702 ], [ -80.418113871663394, 43.400214060117193 ], [ -80.417311670243294, 43.399735552548691 ], [ -80.417034177295093, 43.399585023792092 ], [ -80.416786452955293, 43.399450643092109 ], [ -80.416759986475697, 43.399436285332293 ], [ -80.416740076270301, 43.399404227841096 ], [ -80.416698051096802, 43.399336564993902 ], [ -80.416053771527203, 43.398299210674502 ], [ -80.4157284194836, 43.3977753453971 ], [ -80.415714007506097, 43.39775214101261 ], [ -80.415711491535802, 43.397716104052598 ], [ -80.415558451897894, 43.395523738345901 ], [ -80.415628374019093, 43.395272565602099 ], [ -80.416012607776906, 43.394990135421793 ], [ -80.4166609399294, 43.395463379319395 ], [ -80.416706953611893, 43.395400417213409 ], [ -80.41783296250351, 43.395839178044099 ], [ -80.417367399404, 43.396012988336786 ], [ -80.417517519508394, 43.396094598516804 ], [ -80.419289039183013, 43.3967634093841 ], [ -80.420723494825197, 43.396766362710693 ], [ -80.420838312807703, 43.396606337393195 ], [ -80.421187653971899, 43.396119442452793 ], [ -80.421224013655504, 43.396053908350709 ], [ -80.422154120986406, 43.395875410954687 ], [ -80.422279688810306, 43.395841111712599 ], [ -80.422426366874305, 43.395813766033491 ], [ -80.422487980565407, 43.395801706050491 ], [ -80.423031188995907, 43.395695374247694 ], [ -80.422055849969297, 43.395170006890801 ], [ -80.421283703588699, 43.394750597520208 ], [ -80.421062938940295, 43.394630683113292 ], [ -80.421041678493694, 43.394639215935101 ], [ -80.420298863177607, 43.394345027148191 ], [ -80.419699473580906, 43.3924969051156 ], [ -80.419645335895794, 43.39232306070199 ], [ -80.419162938393697, 43.390723726529188 ], [ -80.419119831025, 43.390578835141 ], [ -80.418915096455507, 43.389902155515998 ], [ -80.4191726756534, 43.389890947729988 ], [ -80.419301583683904, 43.389887793565009 ], [ -80.419430550296795, 43.389886287213194 ], [ -80.41970204749812, 43.389888943899393 ], [ -80.419830862108697, 43.389892983120504 ], [ -80.42013280479101, 43.3899089121591 ], [ -80.420363060915193, 43.389923868755403 ], [ -80.420979961805699, 43.389965248750492 ], [ -80.421136030950194, 43.3899757017167 ], [ -80.421760156198602, 43.39015882779119 ], [ -80.422547692315504, 43.390263409362589 ], [ -80.422764183044407, 43.390292188476295 ], [ -80.4228573271958, 43.390292661783192 ], [ -80.422976552485395, 43.390293260200707 ], [ -80.423309739009895, 43.390345272889299 ], [ -80.423360936817105, 43.390353266957092 ], [ -80.424052275987094, 43.390435611763301 ], [ -80.424421496067595, 43.390484466557794 ], [ -80.425784732056897, 43.390897877411497 ], [ -80.425977792615996, 43.390917247143598 ], [ -80.426705689834193, 43.390990269756507 ], [ -80.426700128112799, 43.3909753581408 ], [ -80.426189448157501, 43.389601550031998 ], [ -80.426979482947203, 43.389614516014198 ], [ -80.427275585745207, 43.389643005301302 ], [ -80.427732645708602, 43.389618287308593 ], [ -80.428831436137898, 43.389623780359102 ], [ -80.429201406151407, 43.389679643080697 ], [ -80.4294599279106, 43.389753044373997 ], [ -80.429656523396204, 43.389862053181993 ], [ -80.430024281147396, 43.390142970876298 ], [ -80.4301585672534, 43.390305777632797 ], [ -80.430293282136105, 43.390423481128394 ], [ -80.430490202833397, 43.390487478713894 ], [ -80.430822427544399, 43.39055758666769 ], [ -80.430970827489702, 43.390588902178202 ], [ -80.431168603855696, 43.390571880702787 ], [ -80.4313242388654, 43.390504837752196 ], [ -80.431356791750702, 43.390496352166707 ], [ -80.431577297602601, 43.3904388716008 ], [ -80.431799598975402, 43.390437665382898 ], [ -80.432053971888493, 43.390436285214996 ], [ -80.432285913213207, 43.390379581615683 ], [ -80.432467192222106, 43.390335263066696 ], [ -80.433049256579295, 43.3901490024612 ], [ -80.433222210979906, 43.390140859102608 ], [ -80.433344777845605, 43.390240583766001 ], [ -80.433442104257395, 43.3903941090473 ], [ -80.433659059029594, 43.390537335374702 ], [ -80.434166100254899, 43.390874922486098 ], [ -80.434373799860396, 43.391126673019798 ], [ -80.434460199031804, 43.391087041223287 ], [ -80.435117969149005, 43.390757859141893 ], [ -80.435437600586894, 43.390846906321798 ], [ -80.436414260664407, 43.391729390682201 ], [ -80.437593880214706, 43.391135263909803 ], [ -80.436966471492596, 43.390830768986191 ], [ -80.437673958273393, 43.390457489774903 ], [ -80.437899365998504, 43.390379498495406 ], [ -80.437651199130599, 43.390251653912699 ], [ -80.4373772074903, 43.390110385051699 ], [ -80.437768673397301, 43.38986000182571 ], [ -80.437132702811212, 43.3894368124637 ], [ -80.436717669698893, 43.389198393969203 ], [ -80.436663708834601, 43.389167394945197 ], [ -80.4367648852554, 43.389120252140003 ], [ -80.436948584417195, 43.389034657093795 ], [ -80.437086650777715, 43.388945220101398 ], [ -80.437279493939201, 43.388888555189801 ], [ -80.437467372124104, 43.38860913452649 ], [ -80.437595210825805, 43.388524689253188 ], [ -80.4376679293309, 43.3885506196943 ], [ -80.437797716087104, 43.38859689925129 ], [ -80.437858637185997, 43.388618622404394 ], [ -80.438050166925805, 43.38862694699101 ], [ -80.438246376393394, 43.388635471424408 ], [ -80.438546474746403, 43.388474267219401 ], [ -80.438919457206396, 43.388553737462701 ], [ -80.439129175911901, 43.388557251662199 ], [ -80.439297181174098, 43.388588052794198 ], [ -80.439658448706297, 43.388494757975998 ], [ -80.439836863066404, 43.388500580825102 ], [ -80.439976914517601, 43.388571396977504 ], [ -80.440158675745295, 43.388589842338007 ], [ -80.4403820839632, 43.388563389453701 ], [ -80.440541993081695, 43.388586331633903 ], [ -80.440580862798001, 43.388591908296092 ], [ -80.440631928639206, 43.388466040255302 ], [ -80.440635032606295, 43.388409595185884 ], [ -80.440638737331298, 43.388276740180693 ], [ -80.440647764129693, 43.388153740057398 ], [ -80.440650494001403, 43.388116550751199 ], [ -80.440751447804899, 43.387954366549295 ], [ -80.440852023472502, 43.387922719305209 ], [ -80.440978730541602, 43.387882826182 ], [ -80.441070200619194, 43.387867068824299 ], [ -80.441387833363294, 43.387812266869695 ], [ -80.4416206173793, 43.38787344921959 ], [ -80.441745891770296, 43.387877180115296 ], [ -80.441823159545194, 43.387879480607104 ], [ -80.441879661396598, 43.387838823005509 ], [ -80.442013165051705, 43.387742758382096 ], [ -80.442011194693904, 43.387579980494195 ], [ -80.442037583786501, 43.387512432118307 ], [ -80.442046332959308, 43.387490035241484 ], [ -80.442078260598393, 43.387473402568801 ], [ -80.442184330464698, 43.38741814716991 ], [ -80.442353425208807, 43.387318773904092 ], [ -80.442398483640204, 43.387284689940593 ], [ -80.442470856894701, 43.387229945474488 ], [ -80.442575268574402, 43.387150966246097 ], [ -80.442623045113294, 43.387114826392505 ], [ -80.442796645612006, 43.387063858114999 ], [ -80.442815777480902, 43.387058241335993 ], [ -80.442930737685799, 43.386975449588093 ], [ -80.442967756891505, 43.386948788802393 ], [ -80.443142786128405, 43.386957201086197 ], [ -80.443173476683299, 43.386974815625408 ], [ -80.443224805937916, 43.386995142301799 ], [ -80.4433748941006, 43.38710345412639 ], [ -80.443549752391107, 43.38711933917611 ], [ -80.443699100952301, 43.387067614490199 ], [ -80.443756364537904, 43.387047782452193 ], [ -80.443864675841297, 43.387026474622985 ], [ -80.4439180180797, 43.38701597961591 ], [ -80.444058525168501, 43.387036739503792 ], [ -80.444115826302095, 43.387149641913609 ], [ -80.444115071113202, 43.387232281302694 ], [ -80.444275498851098, 43.387295368495401 ], [ -80.444406610747293, 43.387258726516393 ], [ -80.444612830450694, 43.387229657028286 ], [ -80.444874289776394, 43.387160886537799 ], [ -80.4453138488132, 43.387142942571195 ], [ -80.445848149855806, 43.387118490038205 ], [ -80.446115334600606, 43.387106261544091 ], [ -80.446302806289694, 43.387097681454108 ], [ -80.446783132840594, 43.387119991828001 ], [ -80.446942765939994, 43.387076104517696 ], [ -80.446962050397303, 43.387070803094105 ], [ -80.447266985888703, 43.387053264775403 ], [ -80.447442828435399, 43.387043149717293 ], [ -80.448010798580498, 43.3869784933839 ], [ -80.448034025303599, 43.386975811397896 ], [ -80.4480635791016, 43.386985829517293 ], [ -80.448121654519397, 43.387005525624502 ], [ -80.448206901478599, 43.387055886578999 ], [ -80.448243243934598, 43.387141537690106 ], [ -80.448250716884004, 43.387153572771197 ], [ -80.448332610432999, 43.387209231556902 ], [ -80.448455571243102, 43.387279935959896 ], [ -80.448568323648303, 43.387322843167098 ], [ -80.448788378791903, 43.387289041261894 ], [ -80.4489395031963, 43.387299820618104 ], [ -80.449084936865304, 43.387380136701886 ], [ -80.449181779088704, 43.387433624447283 ], [ -80.449438040740304, 43.387567547982989 ], [ -80.449735493943308, 43.38769409671761 ], [ -80.449838289195895, 43.387719679805507 ], [ -80.450115327867195, 43.387828685801793 ], [ -80.450388469119602, 43.3879901979669 ], [ -80.450354242135703, 43.3881617752998 ], [ -80.450331294032395, 43.388275394492098 ], [ -80.450310536464897, 43.38837816782091 ], [ -80.450286359026407, 43.38849787225341 ], [ -80.450455899884318, 43.388542064817095 ], [ -80.450524920178395, 43.3885517600676 ], [ -80.45058200730071, 43.388559779136202 ], [ -80.450724180788995, 43.388560462072498 ], [ -80.450778036751103, 43.388543097531603 ], [ -80.450894642010013, 43.388505500855686 ], [ -80.450961838005398, 43.388483835022988 ], [ -80.451005446751196, 43.388498544615601 ], [ -80.451039265972199, 43.388509952091901 ], [ -80.451091773549706, 43.388527663397994 ], [ -80.451170350163395, 43.388559412100491 ], [ -80.451221631326604, 43.388580132298195 ], [ -80.451285492270998, 43.388609217292995 ], [ -80.451311168108603, 43.388620911127198 ], [ -80.451374087195504, 43.388651006698701 ], [ -80.451492961757594, 43.388711047918491 ], [ -80.451512302366396, 43.388707088548692 ], [ -80.451613472774511, 43.388686377192101 ], [ -80.451661499678806, 43.388675615730392 ], [ -80.451722580598499, 43.388630605742101 ], [ -80.451916195820104, 43.388730938184189 ], [ -80.4521691946305, 43.388837321885397 ], [ -80.452330090900602, 43.388878216898703 ], [ -80.452408805688293, 43.388911051078303 ], [ -80.452586630098807, 43.388977061396403 ], [ -80.452712628688204, 43.389085291091099 ], [ -80.452807694212893, 43.389200878918103 ], [ -80.452922715955097, 43.3894091826416 ], [ -80.453011147026899, 43.3894797775542 ], [ -80.453102899785819, 43.3895877818127 ], [ -80.453150135944497, 43.389700690390285 ], [ -80.453201040750599, 43.389741032528299 ], [ -80.453275886275605, 43.3898113211294 ], [ -80.453261211834601, 43.389924062329207 ], [ -80.453199010523804, 43.389968779271094 ], [ -80.453153880868996, 43.390028613088496 ], [ -80.453125699999703, 43.390121142253797 ], [ -80.453214334462004, 43.390169208371994 ], [ -80.453272137401797, 43.390246991261698 ], [ -80.453412213030802, 43.390320195240911 ], [ -80.453566367292595, 43.39034863602199 ], [ -80.453607027935703, 43.390398692748107 ], [ -80.453613256400899, 43.3904814771387 ], [ -80.453602388237996, 43.390549061953202 ], [ -80.453690467496997, 43.390681985588593 ], [ -80.453772317365505, 43.390709994556701 ], [ -80.453944101906998, 43.390713344986217 ], [ -80.453978669581602, 43.390701046934801 ], [ -80.454046941038996, 43.390736273487008 ], [ -80.454098251552296, 43.390746579243903 ], [ -80.454170157531607, 43.390754570505699 ], [ -80.454217537574607, 43.390857263602904 ], [ -80.454446628017905, 43.390938612133105 ], [ -80.454538752343097, 43.39100905357099 ], [ -80.454732506295699, 43.391220253105409 ], [ -80.454882483546896, 43.3913436696036 ], [ -80.454991702516494, 43.391414226832495 ], [ -80.455347052967497, 43.391591235397193 ], [ -80.455408456684907, 43.391629089190296 ], [ -80.455466217597504, 43.391704400427308 ], [ -80.455530874198203, 43.391769804876503 ], [ -80.455588743301902, 43.391825159290605 ], [ -80.455708128953503, 43.391905869338693 ], [ -80.455752486775907, 43.391936005574102 ], [ -80.455881982044701, 43.391979357067001 ], [ -80.455814873401195, 43.392281028189203 ], [ -80.455802207559699, 43.392331882219509 ], [ -80.455747523369695, 43.392551434366183 ], [ -80.455727000306794, 43.392633833832789 ], [ -80.455584919927304, 43.393204270943393 ], [ -80.455567981343194, 43.393272230625499 ], [ -80.455561380401605, 43.393298714620585 ], [ -80.455498555740604, 43.393550751670105 ], [ -80.455493648230402, 43.393570438015594 ], [ -80.455462838963797, 43.393693849843999 ], [ -80.455459863771097, 43.3937074671991 ], [ -80.455426281394907, 43.393864575244699 ], [ -80.455435285398394, 43.393956240463801 ], [ -80.455451464935393, 43.394122532186593 ], [ -80.455434528946014, 43.394325266778381 ], [ -80.455423961398694, 43.394452360972004 ], [ -80.455404412153399, 43.394685343053894 ], [ -80.455397623745498, 43.394768211444102 ], [ -80.455402547574295, 43.395116188168302 ], [ -80.455406078956898, 43.395359004358291 ], [ -80.455409093858108, 43.395454177064408 ], [ -80.455451865628405, 43.396761109145501 ], [ -80.455182896232216, 43.397572305857608 ], [ -80.455162595654699, 43.397633561876802 ], [ -80.454953274067094, 43.398266375952403 ], [ -80.454759355433296, 43.398299576824392 ], [ -80.454421529715304, 43.398375656271888 ], [ -80.454118769637404, 43.398503579856801 ], [ -80.453833020849004, 43.398722237192914 ], [ -80.4537237260203, 43.398854731445098 ], [ -80.453656671207099, 43.398936017747602 ], [ -80.453375178329594, 43.39885013900799 ], [ -80.4518512633189, 43.398542787823288 ], [ -80.450351154392195, 43.39855494350369 ], [ -80.447161729665595, 43.399084856931694 ], [ -80.447067294925304, 43.399100515032202 ], [ -80.447049308777409, 43.39910361264829 ], [ -80.442147696644099, 43.399947805525606 ], [ -80.4417488466093, 43.400013648698803 ], [ -80.441071014794005, 43.400097482494097 ], [ -80.440231882449396, 43.40009337820829 ], [ -80.440075482212293, 43.400092612557309 ], [ -80.4392174516409, 43.399954101683498 ], [ -80.438962014295399, 43.399912865563891 ], [ -80.438569014900295, 43.399796785669302 ], [ -80.437995539395402, 43.399627446345889 ], [ -80.437866846740405, 43.399583212368803 ], [ -80.437413108601305, 43.4003898191812 ], [ -80.437213848458001, 43.400625923519797 ], [ -80.436388426355506, 43.400855927392591 ], [ -80.4327219283538, 43.401418996537792 ], [ -80.429766573070793, 43.40187276133031 ], [ -80.4296684821594, 43.401887820308801 ], [ -80.429583599753698, 43.401900851855999 ], [ -80.429562779704611, 43.401888498977485 ], [ -80.428941851796395, 43.401488989397109 ], [ -80.428387887414104, 43.401132558756203 ], [ -80.428150461684695, 43.400979792469506 ], [ -80.428061973577499, 43.400922856322104 ] ] ] } },
{ "type": "Feature", "properties": { "pc": "LOWER DOON", "area_ha": 226.8205491342174, "alive": 1459, "total": 1546, "removed": 87, "diversity": 1.192691814482868, "last_insp": 2022.0, "dens": 6.4323977945078523, "attrition": 5.6274256144890042, "backlog": 4.0, "I_deficit": 0.71963819876471968, "I_attrition": 0.11911797391021878, "I_monoculture": 1.0, "I_backlog": 0.1875, "score": 0.5065640431687346, "rank": 16, "priority": "High" }, "geometry": { "type": "Polygon", "coordinates": [ [ [ -80.385905004294713, 43.397546360337984 ], [ -80.387122366553797, 43.396867182864995 ], [ -80.387849136009606, 43.39646169841641 ], [ -80.392759317006295, 43.393752964291991 ], [ -80.395107987493802, 43.392457153644798 ], [ -80.397519643427501, 43.391127685133895 ], [ -80.398463784020905, 43.390586532922597 ], [ -80.398549212795402, 43.3905375664107 ], [ -80.399258733817604, 43.390129858467397 ], [ -80.399292233740994, 43.390105337010802 ], [ -80.399421069841196, 43.390011033928587 ], [ -80.400542634938503, 43.389189733752808 ], [ -80.401230845672302, 43.38862498111299 ], [ -80.401700835897401, 43.38823934525999 ], [ -80.401716208492601, 43.388226678017503 ], [ -80.401739011991694, 43.388204635187897 ], [ -80.402499860541297, 43.387468755171099 ], [ -80.402629000009398, 43.387343864817701 ], [ -80.4030091397657, 43.386976200123208 ], [ -80.403300126084403, 43.386589791440699 ], [ -80.404420470937296, 43.385103128239692 ], [ -80.404523042907101, 43.384929843611594 ], [ -80.404638060685201, 43.384733719305885 ], [ -80.404663735498005, 43.38473526778489 ], [ -80.409851890225397, 43.386196444124884 ], [ -80.413602635663494, 43.387248879977491 ], [ -80.414612200104401, 43.387552155312697 ], [ -80.414645338671306, 43.387562110075095 ], [ -80.415124591298607, 43.387706073903004 ], [ -80.415551743734198, 43.387834385082101 ], [ -80.416117349303505, 43.388004282518686 ], [ -80.4176022098262, 43.388519121517795 ], [ -80.418101934305895, 43.388692382152783 ], [ -80.418127451631506, 43.388703336312894 ], [ -80.419068424335094, 43.389107267960703 ], [ -80.419184137807406, 43.389156939920099 ], [ -80.419776459118196, 43.38941119778989 ], [ -80.420657568964103, 43.3898353072357 ], [ -80.421136030950194, 43.3899757017167 ], [ -80.420979961805699, 43.389965248750492 ], [ -80.420363060915193, 43.389923868755403 ], [ -80.42013280479101, 43.3899089121591 ], [ -80.419830862108697, 43.389892983120504 ], [ -80.41970204749812, 43.389888943899393 ], [ -80.419430550296795, 43.389886287213194 ], [ -80.419301583683904, 43.389887793565009 ], [ -80.4191726756534, 43.389890947729988 ], [ -80.418915096455507, 43.389902155515998 ], [ -80.419119831025, 43.390578835141 ], [ -80.419162938393697, 43.390723726529188 ], [ -80.419645335895794, 43.39232306070199 ], [ -80.419699473580906, 43.3924969051156 ], [ -80.420298863177607, 43.394345027148191 ], [ -80.421041678493694, 43.394639215935101 ], [ -80.421062938940295, 43.394630683113292 ], [ -80.421283703588699, 43.394750597520208 ], [ -80.422055849969297, 43.395170006890801 ], [ -80.423031188995907, 43.395695374247694 ], [ -80.422487980565407, 43.395801706050491 ], [ -80.422426366874305, 43.395813766033491 ], [ -80.422279688810306, 43.395841111712599 ], [ -80.422154120986406, 43.395875410954687 ], [ -80.421224013655504, 43.396053908350709 ], [ -80.421187653971899, 43.396119442452793 ], [ -80.420838312807703, 43.396606337393195 ], [ -80.420723494825197, 43.396766362710693 ], [ -80.419289039183013, 43.3967634093841 ], [ -80.417517519508394, 43.396094598516804 ], [ -80.417367399404, 43.396012988336786 ], [ -80.41783296250351, 43.395839178044099 ], [ -80.416706953611893, 43.395400417213409 ], [ -80.4166609399294, 43.395463379319395 ], [ -80.416012607776906, 43.394990135421793 ], [ -80.415628374019093, 43.395272565602099 ], [ -80.415558451897894, 43.395523738345901 ], [ -80.4153755032399, 43.395354494267998 ], [ -80.415220769229805, 43.395211348160302 ], [ -80.414763633945896, 43.394788445609201 ], [ -80.414541112702494, 43.394582584205388 ], [ -80.414505733536203, 43.394549853786394 ], [ -80.414433205224313, 43.394516491944387 ], [ -80.413985763138797, 43.394310673528295 ], [ -80.413754509833197, 43.394204298593294 ], [ -80.413228179712902, 43.3939621879451 ], [ -80.412658083354202, 43.39388786303649 ], [ -80.412365440166099, 43.393849707854997 ], [ -80.412133564908601, 43.393819476071791 ], [ -80.412116046974504, 43.393817192249301 ], [ -80.411681268860207, 43.393760504948602 ], [ -80.411365000094506, 43.393831580276796 ], [ -80.411021997928302, 43.393908660660003 ], [ -80.410648703369105, 43.393992548723304 ], [ -80.410469261753207, 43.394032872457593 ], [ -80.410447056110598, 43.394037862408901 ], [ -80.409996073239995, 43.39413920513659 ], [ -80.408220176582503, 43.394743465726997 ], [ -80.4077639719291, 43.394988116660095 ], [ -80.407418570900802, 43.395173343478191 ], [ -80.406173918101501, 43.395840791636985 ], [ -80.405968686079206, 43.395950845144498 ], [ -80.4054176624946, 43.396246321556895 ], [ -80.405298065284597, 43.396283887260203 ], [ -80.404550527667894, 43.3965186882822 ], [ -80.403604195314799, 43.396815919439192 ], [ -80.403580107355594, 43.396820098886593 ], [ -80.402737063278906, 43.396922536968994 ], [ -80.402125836723101, 43.396996802904198 ], [ -80.401559605899195, 43.397065598052997 ], [ -80.4013855473506, 43.397024907809197 ], [ -80.400036692321294, 43.396709568018203 ], [ -80.3996027612436, 43.396608119337991 ], [ -80.399440361378097, 43.396570150870502 ], [ -80.397839061152894, 43.396003518556192 ], [ -80.397686034200902, 43.395949366893689 ], [ -80.397588184578595, 43.395914740817091 ], [ -80.397562736125195, 43.395916186811498 ], [ -80.396941307166401, 43.395951490164698 ], [ -80.396458070530997, 43.395978940870982 ], [ -80.3957114529683, 43.396021347649402 ], [ -80.395541251960509, 43.396031014868491 ], [ -80.395507204080204, 43.396032948241292 ], [ -80.395484842596105, 43.396057036114293 ], [ -80.395373065626998, 43.396177440603587 ], [ -80.3950442520362, 43.39653163039339 ], [ -80.394828715303603, 43.396763800723491 ], [ -80.394791463845806, 43.396803926060997 ], [ -80.394783264035595, 43.396827140474201 ], [ -80.394735814453099, 43.396961468742198 ], [ -80.394686922106999, 43.397099877315995 ], [ -80.394458220344006, 43.397747312500897 ], [ -80.394381677481519, 43.397963991861694 ], [ -80.394379977543494, 43.398134671410403 ], [ -80.394373722753201, 43.398762660697507 ], [ -80.394373033880996, 43.39883182314059 ], [ -80.394371234273393, 43.399012501736102 ], [ -80.394370102113996, 43.399126168413289 ], [ -80.394585954066301, 43.399446899867996 ], [ -80.39493704513221, 43.399968569875085 ], [ -80.394924182005497, 43.400180188255796 ], [ -80.394884072604199, 43.40084001243639 ], [ -80.393741307717406, 43.401551978437496 ], [ -80.393548115316506, 43.401672339291196 ], [ -80.391891184349305, 43.402221838130494 ], [ -80.391811801005005, 43.402248163743693 ], [ -80.391727545392698, 43.402276105798094 ], [ -80.391555132988103, 43.402294223802492 ], [ -80.390413967010204, 43.402414139587698 ], [ -80.390265525174797, 43.402429736792698 ], [ -80.389251233587203, 43.402069171766001 ], [ -80.388995376046793, 43.401886527782601 ], [ -80.388920209781304, 43.401832870750397 ], [ -80.388624504745493, 43.40162177843581 ], [ -80.388020885283595, 43.401190872313194 ], [ -80.387232111098896, 43.400411885866795 ], [ -80.385920627691704, 43.397580096794897 ], [ -80.3859147695769, 43.397567449415789 ], [ -80.385905004294713, 43.397546360337984 ] ] ] } },
{ "type": "Feature", "properties": { "pc": "FOREST HILL", "area_ha": 186.5136812497305, "alive": 1782, "total": 2176, "removed": 394, "diversity": 2.0753349242563619, "last_insp": 2022.0, "dens": 9.5542589050827331, "attrition": 18.106617647058822, "backlog": 4.0, "I_deficit": 0.58214489565852823, "I_attrition": 0.38327003433531998, "I_monoculture": 0.46427629942385362, "I_backlog": 0.1875, "score": 0.40429780735442544, "rank": 31, "priority": "Medium" }, "geometry": { "type": "Polygon", "coordinates": [ [ [ -80.510116904354405, 43.433429534459698 ], [ -80.509816400501506, 43.432374949465292 ], [ -80.509666295462196, 43.432076051488195 ], [ -80.509494772433001, 43.431830447174796 ], [ -80.509016542518594, 43.431124482056184 ], [ -80.507837596958296, 43.4293745389758 ], [ -80.507509033323103, 43.42896116615259 ], [ -80.5063339581436, 43.427560162111206 ], [ -80.504658021006804, 43.425536250081798 ], [ -80.504512104490402, 43.425365740733596 ], [ -80.503936393415302, 43.424659514807303 ], [ -80.503398309147101, 43.4239999012228 ], [ -80.502878619872504, 43.423433902961385 ], [ -80.502819508168002, 43.423225683861908 ], [ -80.503841590946493, 43.422971852179202 ], [ -80.504301559356506, 43.422857616569395 ], [ -80.504706653641193, 43.422757007061811 ], [ -80.505061843669907, 43.422619852653298 ], [ -80.514041585006694, 43.419151764113998 ], [ -80.514059869929696, 43.41914664255259 ], [ -80.514129502390205, 43.4192080619056 ], [ -80.5144289759196, 43.419472340322898 ], [ -80.514454090741694, 43.419491172633791 ], [ -80.514692208520614, 43.419714584506501 ], [ -80.515204398692106, 43.420195134125898 ], [ -80.515632064368901, 43.420596373745489 ], [ -80.515706223824907, 43.420685093461998 ], [ -80.515926988608896, 43.42085530157749 ], [ -80.516088511910198, 43.420979833880388 ], [ -80.516568539457595, 43.421451989663794 ], [ -80.516730222637904, 43.421611019289102 ], [ -80.516928136038203, 43.421791727740576 ], [ -80.518798868139001, 43.423288268055799 ], [ -80.518870721088007, 43.423345746481402 ], [ -80.518941627275893, 43.423411876885602 ], [ -80.519054763126206, 43.423517392238701 ], [ -80.519141109021106, 43.423599496889885 ], [ -80.519177014803205, 43.423644392688892 ], [ -80.519669923657901, 43.424126524000101 ], [ -80.520304644535301, 43.424747352233595 ], [ -80.521554848140497, 43.426008088103991 ], [ -80.522529482989398, 43.427274949802502 ], [ -80.522778269870898, 43.427585137810802 ], [ -80.525541258496403, 43.431726738976103 ], [ -80.525141111776506, 43.431890546029294 ], [ -80.514322865748497, 43.435905712565685 ], [ -80.514203092071796, 43.435861273288602 ], [ -80.513416109306405, 43.435606755494895 ], [ -80.512930545008103, 43.435449665341487 ], [ -80.511814971504904, 43.43508264339129 ], [ -80.511599234871099, 43.435011682804692 ], [ -80.511562500727294, 43.434993430321292 ], [ -80.511524976149104, 43.434984359790498 ], [ -80.511488237967797, 43.434966017510796 ], [ -80.511437246223494, 43.434947074043592 ], [ -80.511291340722593, 43.434884240885296 ], [ -80.511159963011494, 43.434813909805698 ], [ -80.510984108185298, 43.434712240402703 ], [ -80.510860846497593, 43.434621056940706 ], [ -80.510701612841402, 43.434467513806091 ], [ -80.510505395999104, 43.434250701969091 ], [ -80.510358226962694, 43.434041573392683 ], [ -80.510152472501602, 43.433655833932995 ], [ -80.510128237256296, 43.433565524337403 ], [ -80.510116904354405, 43.433429534459698 ] ] ] } },
{ "type": "Feature", "properties": { "pc": "LAURENTIAN HILLS", "area_ha": 298.05653966691648, "alive": 2825, "total": 3639, "removed": 814, "diversity": 2.5470938296572943, "last_insp": 2021.0, "dens": 9.4780674940297835, "attrition": 22.368782632591373, "backlog": 5.0, "I_deficit": 0.58550052501004113, "I_attrition": 0.47348898920529314, "I_monoculture": 0.17794037974959653, "I_backlog": 0.25, "score": 0.37173247349123273, "rank": 40, "priority": "Low" }, "geometry": { "type": "Polygon", "coordinates": [ [ [ -80.481772844529615, 43.417580990336901 ], [ -80.480983785190006, 43.416897895807097 ], [ -80.479994812862998, 43.416006558672393 ], [ -80.479867551108001, 43.415894955416604 ], [ -80.479881400327201, 43.415886147327299 ], [ -80.479919168710495, 43.415862793538693 ], [ -80.480217787115805, 43.4156767248137 ], [ -80.480545255617997, 43.415449637529598 ], [ -80.480579683014199, 43.415425309301199 ], [ -80.480616603836694, 43.415407651779908 ], [ -80.480778429583793, 43.415291170594408 ], [ -80.480828210405406, 43.415246385378303 ], [ -80.480915143411494, 43.415192764674302 ], [ -80.480977714242002, 43.415129217929092 ], [ -80.481101716539996, 43.415040475078989 ], [ -80.481164310201009, 43.414986293214902 ], [ -80.481237196025404, 43.414943052810195 ], [ -80.481324921974306, 43.414879804154403 ], [ -80.481339379313795, 43.414859223623402 ], [ -80.481350389653798, 43.414843548857682 ], [ -80.481392379191902, 43.414822004461094 ], [ -80.481436833182102, 43.41479919657921 ], [ -80.481561554895805, 43.414709375340699 ], [ -80.481611181081007, 43.414682594386193 ], [ -80.481648794223702, 43.414655575367988 ], [ -80.481666316702302, 43.414639683552394 ], [ -80.4816983747493, 43.414610608765699 ], [ -80.481822118227399, 43.41453968858449 ], [ -80.481849654740202, 43.414526483492601 ], [ -80.481891276194901, 43.414506523118995 ], [ -80.481906611869107, 43.414496826146809 ], [ -80.481958982966106, 43.414459103221084 ], [ -80.482069946977504, 43.414405954173297 ], [ -80.482157004067304, 43.4143613331103 ], [ -80.482328557047296, 43.414287202414791 ], [ -80.482504090604394, 43.414211350314801 ], [ -80.482524820460995, 43.41420239221609 ], [ -80.482633090457696, 43.414153742101199 ], [ -80.482678119327502, 43.414129173862094 ], [ -80.482739828621206, 43.414112678622701 ], [ -80.482777139929794, 43.414102705589009 ], [ -80.482836750536805, 43.41408131787081 ], [ -80.482886004718594, 43.414063646029994 ], [ -80.482925073306106, 43.414049629072601 ], [ -80.482988175039594, 43.414031459118497 ], [ -80.483075355000096, 43.413995842603498 ], [ -80.483124191899094, 43.413978147791809 ], [ -80.483161420361895, 43.413960131228897 ], [ -80.4832367388329, 43.413942556048788 ], [ -80.483322239295717, 43.413925027405185 ], [ -80.483371504717695, 43.413916159025199 ], [ -80.483437360183302, 43.413897550736806 ], [ -80.483532707659904, 43.413871872433198 ], [ -80.483628900203598, 43.413854841790808 ], [ -80.483848104519794, 43.4138108714235 ], [ -80.484510704137307, 43.413677957412098 ], [ -80.485091382940993, 43.413590817320703 ], [ -80.485652571943007, 43.413560978300502 ], [ -80.485793448807001, 43.413553487208709 ], [ -80.486177807773004, 43.413533047527594 ], [ -80.486476826527905, 43.4134931532273 ], [ -80.487395282990093, 43.413370611282502 ], [ -80.487548330602394, 43.413350233794695 ], [ -80.488338591220199, 43.413217290828293 ], [ -80.489325692799895, 43.413051349338495 ], [ -80.491881229322999, 43.412621563989696 ], [ -80.4931913979499, 43.412395191546601 ], [ -80.496988676364296, 43.411739000650094 ], [ -80.497603259243107, 43.411634578391094 ], [ -80.498858287376393, 43.411421328530302 ], [ -80.499697376275506, 43.411278727690593 ], [ -80.499693401274797, 43.411264846557991 ], [ -80.498890757230797, 43.408877144570695 ], [ -80.498661344365217, 43.408194709033488 ], [ -80.498492492077702, 43.407665494424393 ], [ -80.498585279327102, 43.407247937185495 ], [ -80.498590380214395, 43.407233686069603 ], [ -80.498807936392396, 43.4068014497742 ], [ -80.499504968445805, 43.4061859623313 ], [ -80.499681504757604, 43.406099372079687 ], [ -80.501928318528599, 43.408024393182203 ], [ -80.504670747611897, 43.410373821437297 ], [ -80.507453131084702, 43.412944720393689 ], [ -80.508181472643699, 43.4136540705505 ], [ -80.508722694299905, 43.414207910425198 ], [ -80.509343378485198, 43.414823085125285 ], [ -80.509874088047198, 43.4153197431961 ], [ -80.510604082757197, 43.416094616187998 ], [ -80.511344800776598, 43.4168187128871 ], [ -80.511618074611206, 43.41708904715469 ], [ -80.511971035116503, 43.417391143441698 ], [ -80.512734973578603, 43.418044973426603 ], [ -80.512818164622004, 43.418115602340492 ], [ -80.513865723319114, 43.418999895524699 ], [ -80.514041585006694, 43.419151764113998 ], [ -80.505061843669907, 43.422619852653298 ], [ -80.504706653641193, 43.422757007061811 ], [ -80.504301559356506, 43.422857616569395 ], [ -80.503841590946493, 43.422971852179202 ], [ -80.502819508168002, 43.423225683861908 ], [ -80.500099231694904, 43.423882985054497 ], [ -80.496132772458594, 43.425233978848603 ], [ -80.495429420644001, 43.42547352267399 ], [ -80.494752600066704, 43.425704024773701 ], [ -80.492967449453104, 43.426161737766897 ], [ -80.492030363670494, 43.426352376150803 ], [ -80.491587252158695, 43.426442518412692 ], [ -80.491543500175695, 43.426451418610895 ], [ -80.4902073880085, 43.425219409522391 ], [ -80.488191206216598, 43.423376311901684 ], [ -80.488175024007006, 43.423360320278015 ], [ -80.487692746657402, 43.422883710617803 ], [ -80.487596166615603, 43.422787385620197 ], [ -80.4871467799925, 43.42239537762309 ], [ -80.486995879105706, 43.42226206894339 ], [ -80.485233744400603, 43.420684436723185 ], [ -80.481772844529615, 43.417580990336901 ] ] ] } },
{ "type": "Feature", "properties": { "pc": "LAURENTIAN WEST", "area_ha": 559.88199703510713, "alive": 3198, "total": 3800, "removed": 602, "diversity": 2.3948857859494099, "last_insp": 2021.0, "dens": 5.7119178986558321, "attrition": 15.842105263157894, "backlog": 5.0, "I_deficit": 0.75136964266744255, "I_attrition": 0.33533619290517036, "I_monoculture": 0.27032364941967757, "I_backlog": 0.25, "score": 0.40175737124807265, "rank": 33, "priority": "Medium" }, "geometry": { "type": "Polygon", "coordinates": [ [ [ -80.499681504757604, 43.406099372079687 ], [ -80.498076932724601, 43.404724513932692 ], [ -80.497773501528997, 43.404442030213197 ], [ -80.497489374255395, 43.404149067303884 ], [ -80.497225230221702, 43.403846327291497 ], [ -80.497195192970096, 43.403753422650894 ], [ -80.497029921039996, 43.403237751173791 ], [ -80.497224053713197, 43.403207226751604 ], [ -80.497563875542397, 43.4031526130114 ], [ -80.497861440823698, 43.403104785551292 ], [ -80.498003859075993, 43.403070383627998 ], [ -80.497964851073505, 43.402949982269099 ], [ -80.497929833874593, 43.402841913163094 ], [ -80.497900841136499, 43.402752425888792 ], [ -80.497872038943498, 43.402663517463409 ], [ -80.497838718131206, 43.402560669618893 ], [ -80.497815631476797, 43.4024894210892 ], [ -80.497789533110407, 43.402408860867297 ], [ -80.4977634348122, 43.402328300638708 ], [ -80.497737331020801, 43.402247736299103 ], [ -80.497704815849403, 43.402147373634591 ], [ -80.497660668461293, 43.402011103029395 ], [ -80.497700318523215, 43.401958054075408 ], [ -80.497889751421695, 43.401704624401894 ], [ -80.4978542092731, 43.401606283866492 ], [ -80.497800323830305, 43.401457189383095 ], [ -80.498894613424198, 43.401232168514198 ], [ -80.501416520150698, 43.400756780828893 ], [ -80.501812064704396, 43.400714338659292 ], [ -80.505540481004104, 43.400518836883784 ], [ -80.512780549603406, 43.399989392934607 ], [ -80.519938810669402, 43.399424788996093 ], [ -80.522029528373494, 43.399067239953901 ], [ -80.524488809432199, 43.398630826582298 ], [ -80.534615419966698, 43.3969049166395 ], [ -80.538849610121403, 43.400771507970397 ], [ -80.538987444364196, 43.4008969004405 ], [ -80.539438222853406, 43.401295894378798 ], [ -80.541818952400007, 43.403475279146193 ], [ -80.543105666324706, 43.404646739968911 ], [ -80.544648181594695, 43.406050918612891 ], [ -80.545674492590294, 43.406985027541197 ], [ -80.548067305647706, 43.409162249332894 ], [ -80.546879755818097, 43.409272533563495 ], [ -80.545339892785506, 43.409406682016616 ], [ -80.545166000772596, 43.409424099619883 ], [ -80.544261874983803, 43.409514654985998 ], [ -80.543186247206606, 43.409711513408595 ], [ -80.541410978240293, 43.410036392247903 ], [ -80.539238763526896, 43.410455308061401 ], [ -80.538559819209794, 43.410586234164484 ], [ -80.537595845820505, 43.410855155045297 ], [ -80.536477832232094, 43.411167035621894 ], [ -80.534626897947604, 43.411720738737088 ], [ -80.534374523877901, 43.411789218427892 ], [ -80.533200391414695, 43.41210779852549 ], [ -80.530717577460507, 43.412987083541594 ], [ -80.530615527534806, 43.413023222643091 ], [ -80.526217120923306, 43.414604575831483 ], [ -80.522744299370302, 43.415881015974804 ], [ -80.519425455108006, 43.417129820644803 ], [ -80.516029357274803, 43.418406378547495 ], [ -80.514233109035303, 43.419079817896503 ], [ -80.514059869929696, 43.41914664255259 ], [ -80.514041585006694, 43.419151764113998 ], [ -80.513865723319114, 43.418999895524699 ], [ -80.512818164622004, 43.418115602340492 ], [ -80.512734973578603, 43.418044973426603 ], [ -80.511971035116503, 43.417391143441698 ], [ -80.511618074611206, 43.41708904715469 ], [ -80.511344800776598, 43.4168187128871 ], [ -80.510604082757197, 43.416094616187998 ], [ -80.509874088047198, 43.4153197431961 ], [ -80.509343378485198, 43.414823085125285 ], [ -80.508722694299905, 43.414207910425198 ], [ -80.508181472643699, 43.4136540705505 ], [ -80.507453131084702, 43.412944720393689 ], [ -80.504670747611897, 43.410373821437297 ], [ -80.501928318528599, 43.408024393182203 ], [ -80.499681504757604, 43.406099372079687 ] ] ] } },
{ "type": "Feature", "properties": { "pc": "CHERRY HILL", "area_ha": 111.69213702146997, "alive": 652, "total": 813, "removed": 161, "diversity": 2.2908681419139829, "last_insp": 2022.0, "dens": 5.8374744846601834, "attrition": 19.803198031980322, "backlog": 4.0, "I_deficit": 0.74583986759897525, "I_attrition": 0.41918223146989181, "I_monoculture": 0.33345756682166294, "I_backlog": 0.1875, "score": 0.42149491647263249, "rank": 25, "priority": "Medium" }, "geometry": { "type": "Polygon", "coordinates": [ [ [ -80.501059193869594, 43.453788168428503 ], [ -80.500021648782706, 43.453472446363484 ], [ -80.500518959212201, 43.453281551579195 ], [ -80.501025154761194, 43.453087241909699 ], [ -80.501453807206005, 43.452901231731296 ], [ -80.501789375115905, 43.452708672032493 ], [ -80.502018303840103, 43.452562126067704 ], [ -80.502241593966417, 43.452405513614806 ], [ -80.502353493596303, 43.452323817167184 ], [ -80.502538047899407, 43.4521649962428 ], [ -80.502867262849094, 43.45188168151509 ], [ -80.503481803819398, 43.4512513039287 ], [ -80.503915986139219, 43.450595477274796 ], [ -80.504180818870694, 43.450034150020691 ], [ -80.504011240442793, 43.449942862314387 ], [ -80.503314821475996, 43.449540738104396 ], [ -80.503067403513498, 43.449398803772603 ], [ -80.502747423453997, 43.4496858393195 ], [ -80.502376270976299, 43.449476289246292 ], [ -80.502060889328803, 43.449763342877191 ], [ -80.501465110305304, 43.449370623418396 ], [ -80.505684562541106, 43.445540043553599 ], [ -80.505742472587002, 43.444648231038585 ], [ -80.505505438418098, 43.444386133805793 ], [ -80.503923146008304, 43.442920510818702 ], [ -80.502733222697302, 43.441816762147504 ], [ -80.502095883504396, 43.441228643253801 ], [ -80.502590599843998, 43.441140770673009 ], [ -80.504519645630793, 43.440800743877894 ], [ -80.506118173430394, 43.440453859370997 ], [ -80.506291728249494, 43.44040050685701 ], [ -80.506403261243307, 43.440355973799591 ], [ -80.506626776009995, 43.44024872746499 ], [ -80.506763149191599, 43.440168564687902 ], [ -80.507623154536603, 43.439665515054493 ], [ -80.507988436739197, 43.439930771035293 ], [ -80.508577617530506, 43.440419353709693 ], [ -80.509314274304103, 43.441043872968784 ], [ -80.510099535861698, 43.441695421953504 ], [ -80.511805694031011, 43.443143486994899 ], [ -80.512355555630506, 43.44392905538961 ], [ -80.512781439256898, 43.444750549174991 ], [ -80.513032928478196, 43.445361183864598 ], [ -80.514093151811593, 43.447435467088091 ], [ -80.514828806949396, 43.448572280538791 ], [ -80.516991256047802, 43.4519120111595 ], [ -80.51609826352832, 43.452212932878894 ], [ -80.511701398740996, 43.453759614372998 ], [ -80.511379612933098, 43.452805477656803 ], [ -80.510391665289205, 43.452989412645799 ], [ -80.510218994147706, 43.452475014914093 ], [ -80.509683981368994, 43.452660236543089 ], [ -80.509331330469706, 43.451600635839796 ], [ -80.506665451402696, 43.452494625430184 ], [ -80.506456431433904, 43.452810644721993 ], [ -80.505927695351602, 43.452643390671895 ], [ -80.505178316391195, 43.453898561309991 ], [ -80.503663597560305, 43.45341950982219 ], [ -80.5036132118137, 43.453498208433402 ], [ -80.502584248133502, 43.453168919837097 ], [ -80.502452679699104, 43.453368485812398 ], [ -80.502129625475007, 43.453264912370592 ], [ -80.501696624729703, 43.453988529430397 ], [ -80.501059193869594, 43.453788168428503 ] ] ] } },
{ "type": "Feature", "properties": { "pc": "KW HOSPITAL", "area_ha": 85.881566639363143, "alive": 864, "total": 1068, "removed": 204, "diversity": 2.0593196347373479, "last_insp": 2009.0, "dens": 10.060366080979156, "attrition": 19.101123595505616, "backlog": 17.0, "I_deficit": 0.55985487541898871, "I_attrition": 0.40432114042468931, "I_monoculture": 0.47399684227058392, "I_backlog": 1.0, "score": 0.60954321452856552, "rank": 5, "priority": "High" }, "geometry": { "type": "Polygon", "coordinates": [ [ [ -80.507967352915799, 43.460449336934609 ], [ -80.506933526420895, 43.459537735572098 ], [ -80.505453232210897, 43.459023101545988 ], [ -80.503637610714705, 43.458412590357987 ], [ -80.503338806321494, 43.458292880621499 ], [ -80.503225257380905, 43.458158232416295 ], [ -80.500629507824797, 43.453987458059004 ], [ -80.500835042430097, 43.453916222794994 ], [ -80.501059193869594, 43.453788168428503 ], [ -80.501696624729703, 43.453988529430397 ], [ -80.502129625475007, 43.453264912370592 ], [ -80.502452679699104, 43.453368485812398 ], [ -80.502584248133502, 43.453168919837097 ], [ -80.5036132118137, 43.453498208433402 ], [ -80.503663597560305, 43.45341950982219 ], [ -80.505178316391195, 43.453898561309991 ], [ -80.505927695351602, 43.452643390671895 ], [ -80.506456431433904, 43.452810644721993 ], [ -80.506665451402696, 43.452494625430184 ], [ -80.509331330469706, 43.451600635839796 ], [ -80.509683981368994, 43.452660236543089 ], [ -80.510218994147706, 43.452475014914093 ], [ -80.510391665289205, 43.452989412645799 ], [ -80.511379612933098, 43.452805477656803 ], [ -80.511701398740996, 43.453759614372998 ], [ -80.51609826352832, 43.452212932878894 ], [ -80.519076979328602, 43.456738708957708 ], [ -80.518490557602604, 43.456943133741397 ], [ -80.516383055117103, 43.457690752416603 ], [ -80.514823723440799, 43.458234397934099 ], [ -80.5127177386195, 43.459004583994002 ], [ -80.512273929894107, 43.458859039253191 ], [ -80.511534521179598, 43.459294023776202 ], [ -80.511455176821102, 43.459222211973703 ], [ -80.510106748102103, 43.459703534409208 ], [ -80.509907216805303, 43.459774754293491 ], [ -80.508166907256495, 43.460395915752308 ], [ -80.507982157052496, 43.460461861839896 ], [ -80.507967352915799, 43.460449336934609 ] ] ] } },
{ "type": "Feature", "properties": { "pc": "MT. HOPE HURON PARK", "area_ha": 148.57052543518472, "alive": 1081, "total": 1411, "removed": 330, "diversity": 2.39334264997576, "last_insp": 2011.0, "dens": 7.2760057678573427, "attrition": 23.387668320340186, "backlog": 15.0, "I_deficit": 0.68248393639550686, "I_attrition": 0.49505615100984401, "I_monoculture": 0.27126026185696051, "I_backlog": 0.875, "score": 0.58095008731557785, "rank": 9, "priority": "High" }, "geometry": { "type": "Polygon", "coordinates": [ [ [ -80.482830862520103, 43.459238477307387 ], [ -80.482781940901702, 43.459092392922003 ], [ -80.482593382311705, 43.45859442659269 ], [ -80.483368514785298, 43.458328662967688 ], [ -80.486396156139094, 43.457290626699198 ], [ -80.487438702616302, 43.456933134945707 ], [ -80.488504856122404, 43.456578976843304 ], [ -80.488541958231707, 43.456566631318097 ], [ -80.491636197194893, 43.455538744512999 ], [ -80.4916646602654, 43.455529126667301 ], [ -80.493418629766694, 43.454936665594502 ], [ -80.493764857568493, 43.454820063368004 ], [ -80.494171041770798, 43.455411628101608 ], [ -80.496162823518105, 43.454746267100489 ], [ -80.498069073338797, 43.454117026154194 ], [ -80.498964077323805, 43.453821575395793 ], [ -80.500021648782706, 43.453472446363484 ], [ -80.501059193869594, 43.453788168428503 ], [ -80.500835042430097, 43.453916222794994 ], [ -80.500629507824797, 43.453987458059004 ], [ -80.503225257380905, 43.458158232416295 ], [ -80.503338806321494, 43.458292880621499 ], [ -80.503637610714705, 43.458412590357987 ], [ -80.505453232210897, 43.459023101545988 ], [ -80.506933526420895, 43.459537735572098 ], [ -80.507967352915799, 43.460449336934609 ], [ -80.507850958412405, 43.460482884448503 ], [ -80.5076278654021, 43.460562723218601 ], [ -80.507100553278804, 43.460751421760193 ], [ -80.506968105342395, 43.460798978150791 ], [ -80.506836898360604, 43.460845774200799 ], [ -80.505698496631695, 43.461254335985593 ], [ -80.505717987806904, 43.461272583350997 ], [ -80.505465983693696, 43.461361364562293 ], [ -80.505291077348716, 43.461423263850193 ], [ -80.505120233032798, 43.461486715023703 ], [ -80.505018032430101, 43.461526194331483 ], [ -80.504442053754104, 43.461729264380708 ], [ -80.504695735435504, 43.46182965912179 ], [ -80.5018118953287, 43.462824691867802 ], [ -80.501413615270394, 43.4629621053192 ], [ -80.500976281988798, 43.462542433341795 ], [ -80.499646177358599, 43.461315789797993 ], [ -80.498750428951197, 43.461596706866395 ], [ -80.498489240844009, 43.461663440172899 ], [ -80.498247025745798, 43.461703070337393 ], [ -80.497911540058098, 43.461755793049093 ], [ -80.497762309129598, 43.461809373496308 ], [ -80.497575603554907, 43.46186288438971 ], [ -80.496866319384694, 43.462117460799703 ], [ -80.495914215106893, 43.462452402418407 ], [ -80.494196142539806, 43.463109508574696 ], [ -80.4933184905953, 43.463444726047896 ], [ -80.492366660037504, 43.463738869011394 ], [ -80.4912839191214, 43.464113874591398 ], [ -80.489977243851897, 43.464569218974994 ], [ -80.488575944061694, 43.465159890478994 ], [ -80.487455929689105, 43.465548254832093 ], [ -80.487195051885905, 43.465574180632096 ], [ -80.486878645368506, 43.46557276123179 ], [ -80.484241339612893, 43.465603746663199 ], [ -80.484173156319599, 43.46430753082219 ], [ -80.484158861708195, 43.463566470271694 ], [ -80.484150930437494, 43.4635164713942 ], [ -80.484093575293201, 43.463176907554697 ], [ -80.483911184181295, 43.462653036806003 ], [ -80.483328619498906, 43.460979272031096 ], [ -80.482830862520103, 43.459238477307387 ] ] ] } },
{ "type": "Feature", "properties": { "pc": "ROSENBERG", "area_ha": 430.29743319458061, "alive": 2022, "total": 2078, "removed": 56, "diversity": 2.3488002740898684, "last_insp": 2021.0, "dens": 4.6990752070920463, "attrition": 2.6948989412897015, "backlog": 5.0, "I_deficit": 0.79597735654630442, "I_attrition": 0.057044006224215925, "I_monoculture": 0.29829543176631057, "I_backlog": 0.25, "score": 0.35032919863420769, "rank": 44, "priority": "Low" }, "geometry": { "type": "Polygon", "coordinates": [ [ [ -80.493669443708299, 43.4023714513066 ], [ -80.493623354959098, 43.4022285879362 ], [ -80.493369216722996, 43.401440809845802 ], [ -80.493183780468698, 43.400865977886291 ], [ -80.493162910720301, 43.4008012874801 ], [ -80.492909245218101, 43.400068526477796 ], [ -80.492848129170198, 43.399889252742192 ], [ -80.4926729039272, 43.399363838048508 ], [ -80.492352755623713, 43.398520362561499 ], [ -80.491597903318805, 43.3984997898839 ], [ -80.491379458959315, 43.398480254852188 ], [ -80.4913496801463, 43.398391847296892 ], [ -80.489571062893802, 43.39795201950151 ], [ -80.489258469273906, 43.397997022085391 ], [ -80.488649189021402, 43.396167770440194 ], [ -80.488395394137598, 43.395330097474591 ], [ -80.488015257769007, 43.394210964578789 ], [ -80.487991686519194, 43.3941415743802 ], [ -80.487426458772006, 43.3923408165357 ], [ -80.488694955467594, 43.392146500729893 ], [ -80.488522978721093, 43.391600546709796 ], [ -80.487292310527394, 43.391806704324296 ], [ -80.486552515121701, 43.389116292378098 ], [ -80.488152973264903, 43.38883130960189 ], [ -80.488703166054194, 43.388740397310102 ], [ -80.488363291373901, 43.387646406948093 ], [ -80.488322673064403, 43.3875157376931 ], [ -80.488274674948102, 43.387320663036895 ], [ -80.4882403145035, 43.38721013990429 ], [ -80.488214048500495, 43.3871256481168 ], [ -80.488195285628606, 43.387065296954091 ], [ -80.488172769445399, 43.386992878668707 ], [ -80.488150256935697, 43.386920457480386 ], [ -80.488290490721297, 43.386913233421701 ], [ -80.488422520213007, 43.386890192634709 ], [ -80.488554548396394, 43.386867153000594 ], [ -80.488653570578705, 43.386849871904701 ], [ -80.488751993073095, 43.386832694700203 ], [ -80.488850412316197, 43.386815517396293 ], [ -80.488949433928198, 43.386798236624202 ], [ -80.489048454685602, 43.38678095576239 ], [ -80.489147476972207, 43.386763676424501 ], [ -80.489246498403105, 43.386746397142602 ], [ -80.4894465811537, 43.386711475873192 ], [ -80.489735129887606, 43.386661118001399 ], [ -80.489987099695995, 43.386617143075391 ], [ -80.490183750141298, 43.386582811352703 ], [ -80.489709346187496, 43.385147838583691 ], [ -80.489553706149906, 43.385175851653997 ], [ -80.489118314146097, 43.38525409036879 ], [ -80.488806162201399, 43.385310115743799 ], [ -80.488624528010504, 43.385342717133007 ], [ -80.488478428413103, 43.385368937519701 ], [ -80.488332324876112, 43.385395160033184 ], [ -80.4881862206351, 43.385421380025399 ], [ -80.488040120630501, 43.385447603929499 ], [ -80.487901112514407, 43.3854725496358 ], [ -80.487762104446304, 43.3854974998359 ], [ -80.487623096104002, 43.385522445348599 ], [ -80.487563771757493, 43.385347459750008 ], [ -80.487484229757399, 43.385111602239903 ], [ -80.487438384251107, 43.3849756559868 ], [ -80.487397712233104, 43.384855049995195 ], [ -80.487361775294602, 43.384748484195697 ], [ -80.487325837490104, 43.38464191735919 ], [ -80.487281251759498, 43.384509707527897 ], [ -80.487262975096201, 43.384455514665696 ], [ -80.487234518113397, 43.3843697819973 ], [ -80.487188112549902, 43.384229425600303 ], [ -80.487152838361894, 43.384122745692402 ], [ -80.487117561341293, 43.384016060804896 ], [ -80.487090107960299, 43.383932707195299 ], [ -80.487047663870896, 43.383802579555805 ], [ -80.487012840754204, 43.383695817838202 ], [ -80.486978018790097, 43.383589052179097 ], [ -80.486943193518499, 43.383482290281101 ], [ -80.486904016556807, 43.383362182991796 ], [ -80.486865793403098, 43.383245210061794 ], [ -80.486790142759801, 43.383255199833094 ], [ -80.486656097421104, 43.382876151268086 ], [ -80.486615759420502, 43.382762093691497 ], [ -80.486571119618404, 43.382635851492303 ], [ -80.485804932510305, 43.382769608873097 ], [ -80.485764226460219, 43.382649185841402 ], [ -80.485328462900597, 43.381328943661202 ], [ -80.484892352994507, 43.381402831662392 ], [ -80.484775711254102, 43.3814225934387 ], [ -80.484731597676301, 43.381263674668297 ], [ -80.484840234741696, 43.38124526911799 ], [ -80.485276344377098, 43.381171381311809 ], [ -80.485040268485605, 43.380457682835008 ], [ -80.484705478173396, 43.379610614380084 ], [ -80.484319837490901, 43.378444683164496 ], [ -80.485685206197701, 43.378213344473487 ], [ -80.485592195114606, 43.377921277684393 ], [ -80.485563521772804, 43.377831239027792 ], [ -80.4861664246787, 43.377731245973791 ], [ -80.486130540999, 43.377643193115695 ], [ -80.485915399394699, 43.376985266111795 ], [ -80.485545319307604, 43.375853486045209 ], [ -80.486196846995895, 43.375738544757006 ], [ -80.486383290919306, 43.37570485190259 ], [ -80.486795802199794, 43.376538562432891 ], [ -80.486992574254998, 43.37699219030349 ], [ -80.487185531759707, 43.377563922365091 ], [ -80.487855659137196, 43.379549427474707 ], [ -80.4887480255409, 43.382257131928597 ], [ -80.499794266831401, 43.380353007270109 ], [ -80.500721483681602, 43.38324352499599 ], [ -80.501357379063805, 43.385248845743192 ], [ -80.501767969180904, 43.386543566827896 ], [ -80.502036437181204, 43.38738965166899 ], [ -80.501997520529002, 43.387600106103896 ], [ -80.502679735452304, 43.389761441847398 ], [ -80.502837732356298, 43.390229494491891 ], [ -80.503802059010596, 43.39308609828899 ], [ -80.505767221260996, 43.392681511062605 ], [ -80.507375897308194, 43.3924075625185 ], [ -80.51032435518232, 43.391899884831695 ], [ -80.511132490204503, 43.394465078409908 ], [ -80.511299282854694, 43.395005839195903 ], [ -80.5177216841427, 43.393889605367903 ], [ -80.526479658122497, 43.392366792830799 ], [ -80.529110923710306, 43.391885650930398 ], [ -80.534615419966698, 43.3969049166395 ], [ -80.524488809432199, 43.398630826582298 ], [ -80.522029528373494, 43.399067239953901 ], [ -80.519938810669402, 43.399424788996093 ], [ -80.512780549603406, 43.399989392934607 ], [ -80.505540481004104, 43.400518836883784 ], [ -80.501812064704396, 43.400714338659292 ], [ -80.501416520150698, 43.400756780828893 ], [ -80.498894613424198, 43.401232168514198 ], [ -80.497800323830305, 43.401457189383095 ], [ -80.4978542092731, 43.401606283866492 ], [ -80.497889751421695, 43.401704624401894 ], [ -80.497700318523215, 43.401958054075408 ], [ -80.497660668461293, 43.402011103029395 ], [ -80.497704815849403, 43.402147373634591 ], [ -80.497737331020801, 43.402247736299103 ], [ -80.4977634348122, 43.402328300638708 ], [ -80.497789533110407, 43.402408860867297 ], [ -80.497815631476797, 43.4024894210892 ], [ -80.497838718131206, 43.402560669618893 ], [ -80.497872038943498, 43.402663517463409 ], [ -80.497900841136499, 43.402752425888792 ], [ -80.497929833874593, 43.402841913163094 ], [ -80.497964851073505, 43.402949982269099 ], [ -80.498003859075993, 43.403070383627998 ], [ -80.497861440823698, 43.403104785551292 ], [ -80.497563875542397, 43.4031526130114 ], [ -80.497224053713197, 43.403207226751604 ], [ -80.497029921039996, 43.403237751173791 ], [ -80.497195192970096, 43.403753422650894 ], [ -80.497038793493402, 43.403780365240507 ], [ -80.496914932084806, 43.403801683955294 ], [ -80.495616520636105, 43.404027918958199 ], [ -80.495375901402198, 43.404066551190802 ], [ -80.494689031809102, 43.404178404246899 ], [ -80.494646688790098, 43.404055517598898 ], [ -80.49461872997, 43.403974389085597 ], [ -80.494590781378804, 43.403893264980802 ], [ -80.494554806726995, 43.403788859977908 ], [ -80.494518138728196, 43.403682438367802 ], [ -80.494486439044707, 43.403590443914702 ], [ -80.494454840674905, 43.403498725868999 ], [ -80.494427314983497, 43.403418850696291 ], [ -80.494399800957396, 43.403338975130296 ], [ -80.494372276183995, 43.403259102860403 ], [ -80.494344761432302, 43.403179235581092 ], [ -80.494317241597599, 43.403099363317601 ], [ -80.494289717061307, 43.403019488257193 ], [ -80.494243024561101, 43.402884012029595 ], [ -80.494189390577006, 43.402728540112101 ], [ -80.494103566401407, 43.402479743296801 ], [ -80.49408090268652, 43.402414057535083 ], [ -80.494046958013698, 43.4023156429053 ], [ -80.494037696420804, 43.402288791047809 ], [ -80.493669443708299, 43.4023714513066 ] ] ] } },
{ "type": "Feature", "properties": { "pc": "TRUSSLER", "area_ha": 270.15339706372242, "alive": 18, "total": 18, "removed": 0, "diversity": 1.2110440167801229, "last_insp": 2021.0, "dens": 0.066628812354909056, "attrition": 0.0, "backlog": 5.0, "I_deficit": 1.0, "I_attrition": 0.0, "I_monoculture": 0.9888610587682144, "I_backlog": 0.25, "score": 0.55971526469205357, "rank": 12, "priority": "High" }, "geometry": { "type": "Polygon", "coordinates": [ [ [ -80.511132490204503, 43.394465078409908 ], [ -80.51032435518232, 43.391899884831695 ], [ -80.507375897308194, 43.3924075625185 ], [ -80.505767221260996, 43.392681511062605 ], [ -80.503802059010596, 43.39308609828899 ], [ -80.502837732356298, 43.390229494491891 ], [ -80.502679735452304, 43.389761441847398 ], [ -80.501997520529002, 43.387600106103896 ], [ -80.502036437181204, 43.38738965166899 ], [ -80.501767969180904, 43.386543566827896 ], [ -80.501357379063805, 43.385248845743192 ], [ -80.500721483681602, 43.38324352499599 ], [ -80.499794266831401, 43.380353007270109 ], [ -80.502705479022509, 43.379826503807699 ], [ -80.505611440288703, 43.379323871690509 ], [ -80.514823106259101, 43.377766998695996 ], [ -80.515361647801498, 43.377676008568287 ], [ -80.515376208306407, 43.377712440444995 ], [ -80.5164238634828, 43.380338471610806 ], [ -80.516850533794894, 43.380740562602703 ], [ -80.517763844533206, 43.381566080054696 ], [ -80.520587591037597, 43.384131008711094 ], [ -80.521651188523904, 43.385097305420906 ], [ -80.525440735188297, 43.388539578969187 ], [ -80.529110923710306, 43.391885650930398 ], [ -80.526479658122497, 43.392366792830799 ], [ -80.5177216841427, 43.393889605367903 ], [ -80.511299282854694, 43.395005839195903 ], [ -80.511132490204503, 43.394465078409908 ] ] ] } },
{ "type": "Feature", "properties": { "pc": "HURON PARK", "area_ha": 258.84762157575318, "alive": 175, "total": 185, "removed": 10, "diversity": 2.8029264059497798, "last_insp": 2022.0, "dens": 0.67607343244908003, "attrition": 5.4054054054054053, "backlog": 4.0, "I_deficit": 0.97315878224268115, "I_attrition": 0.11441838314085009, "I_monoculture": 0.022661793215894122, "I_backlog": 0.1875, "score": 0.32443473964985636, "rank": 49, "priority": "Low" }, "geometry": { "type": "Polygon", "coordinates": [ [ [ -80.467586160010299, 43.397968078311791 ], [ -80.467836748709004, 43.397500592429793 ], [ -80.467848711674804, 43.397478274719198 ], [ -80.467889190798203, 43.397402758582899 ], [ -80.467963986616496, 43.39726322203461 ], [ -80.468010596419205, 43.397084914015494 ], [ -80.468017005732307, 43.397059321174495 ], [ -80.468022802563496, 43.397036175700499 ], [ -80.468116504167796, 43.3966620120813 ], [ -80.468128724431907, 43.3966132159712 ], [ -80.468150858887697, 43.39652642058121 ], [ -80.468156297386699, 43.396501739277795 ], [ -80.468173716569794, 43.396433553275791 ], [ -80.468177900599002, 43.396416845661193 ], [ -80.468170931583501, 43.396372039969201 ], [ -80.467976128408196, 43.395084006098195 ], [ -80.467973018463596, 43.395063456780299 ], [ -80.467583649377801, 43.394094207128198 ], [ -80.467429469076805, 43.393842983597402 ], [ -80.467281609677698, 43.393602058177109 ], [ -80.467163376675899, 43.393419629090701 ], [ -80.467149856256796, 43.393398767363202 ], [ -80.466630068543793, 43.392596736080407 ], [ -80.466322556024096, 43.392203234308496 ], [ -80.466301017801598, 43.392161384497001 ], [ -80.466242332597304, 43.392044129721803 ], [ -80.466035319397704, 43.391628805660901 ], [ -80.465899776848701, 43.391169604986693 ], [ -80.465898006059405, 43.391149783105689 ], [ -80.4658899223883, 43.390701446174702 ], [ -80.465890911930799, 43.390671397143905 ], [ -80.465982549406206, 43.390322555179395 ], [ -80.465990688446809, 43.390299560014796 ], [ -80.466177708014996, 43.39001189094629 ], [ -80.466364549128897, 43.389724911086695 ], [ -80.466373435094397, 43.389711262442795 ], [ -80.466389584188903, 43.3896964097557 ], [ -80.466907193750799, 43.389220349535798 ], [ -80.467092586604196, 43.38907765831749 ], [ -80.467202421788897, 43.38898956641291 ], [ -80.467293811315699, 43.388939672295891 ], [ -80.467607599278296, 43.388761266714802 ], [ -80.467705719490198, 43.388786261203499 ], [ -80.4677797138703, 43.388807234726109 ], [ -80.467883797507895, 43.388882190975785 ], [ -80.467953392226704, 43.388924841388196 ], [ -80.467994849354298, 43.388942804464882 ], [ -80.468147984162499, 43.3889823124142 ], [ -80.468178521710101, 43.389022119694296 ], [ -80.468383722898196, 43.389175475222302 ], [ -80.468548581199499, 43.389249059430199 ], [ -80.468657441617495, 43.389282343652717 ], [ -80.468795608134499, 43.389305723476099 ], [ -80.468850863154003, 43.389353040774083 ], [ -80.468904649965197, 43.389399100180803 ], [ -80.469042144396099, 43.3894464823574 ], [ -80.469182486620497, 43.389446805273508 ], [ -80.469307135649814, 43.389534482115593 ], [ -80.469387419532595, 43.389553108310103 ], [ -80.469526584902098, 43.389653555346499 ], [ -80.469683859926803, 43.389730865491906 ], [ -80.469836115057504, 43.389870228703593 ], [ -80.469874025691695, 43.389923461548896 ], [ -80.469892472255296, 43.389932998964703 ], [ -80.469914249995497, 43.389944259220094 ], [ -80.470017880751797, 43.39016258539661 ], [ -80.470059529453707, 43.390180053495008 ], [ -80.470182105567403, 43.390231464941294 ], [ -80.470717143465905, 43.3903456319645 ], [ -80.470861344820094, 43.3904674743778 ], [ -80.471258476700598, 43.3906856228649 ], [ -80.471159789506999, 43.390740116249297 ], [ -80.471428654661395, 43.390999062819098 ], [ -80.471440793661301, 43.391092110686984 ], [ -80.471224250613801, 43.39132122743991 ], [ -80.471324811228001, 43.391606258863199 ], [ -80.471818060956295, 43.3919335671958 ], [ -80.472130636787398, 43.392016955325296 ], [ -80.472362564856795, 43.392187036942893 ], [ -80.472943205011504, 43.392169838706195 ], [ -80.473445388091505, 43.392299988831802 ], [ -80.474245250147902, 43.392229171581803 ], [ -80.475277140693507, 43.392347069791491 ], [ -80.476144364686405, 43.3926561044686 ], [ -80.476544326358095, 43.392819034380601 ], [ -80.477036627503495, 43.392754163120493 ], [ -80.477466991511804, 43.392561279640795 ], [ -80.477683436798699, 43.392522495616902 ], [ -80.478130150718997, 43.392511277628202 ], [ -80.4785755536452, 43.392529623708192 ], [ -80.478899631083394, 43.392485956996502 ], [ -80.4790938189808, 43.392563651269697 ], [ -80.479535962437893, 43.392929500956093 ], [ -80.479898439575706, 43.393120156781983 ], [ -80.480209370816112, 43.393210556369205 ], [ -80.480563478996217, 43.393260264228495 ], [ -80.48059880724, 43.393375585388505 ], [ -80.4839480763805, 43.392799124019589 ], [ -80.485092853500007, 43.392591905001396 ], [ -80.485026396128802, 43.392380885773306 ], [ -80.485214924644808, 43.392314659670795 ], [ -80.485216128875706, 43.392318647571393 ], [ -80.485227956641396, 43.39235781397619 ], [ -80.48530238769581, 43.392342563082693 ], [ -80.485378072164295, 43.392331051137184 ], [ -80.485454657313198, 43.392323331792191 ], [ -80.485531786211297, 43.392319441024192 ], [ -80.485609099393699, 43.392319396966599 ], [ -80.485686236536793, 43.392323199824801 ], [ -80.485762838137106, 43.392330831875391 ], [ -80.485838549076902, 43.392342258504193 ], [ -80.485903931102698, 43.392360065832293 ], [ -80.485971107818997, 43.39237386504729 ], [ -80.4860396201708, 43.392383562418793 ], [ -80.486108998047399, 43.392389091406294 ], [ -80.486178765398705, 43.3923904140715 ], [ -80.486248443501694, 43.392387521338499 ], [ -80.4863175542459, 43.392380433056303 ], [ -80.486385623414293, 43.392369197862593 ], [ -80.486452183937303, 43.392353892849783 ], [ -80.486516779098295, 43.392334623036085 ], [ -80.486578965667206, 43.392311520644895 ], [ -80.486638316942603, 43.392284744197312 ], [ -80.486694425679303, 43.392254477424494 ], [ -80.486746906883198, 43.3922209280068 ], [ -80.486795400452394, 43.392184326148694 ], [ -80.486839573649107, 43.392144922998902 ], [ -80.486899563060007, 43.392077988902003 ], [ -80.487032406490698, 43.391956615916882 ], [ -80.487123446939506, 43.391893505627692 ], [ -80.487148177925008, 43.391880589108702 ], [ -80.487256134258899, 43.391824202916901 ], [ -80.487292310527394, 43.391806704324296 ], [ -80.488522978721093, 43.391600546709796 ], [ -80.488694955467594, 43.392146500729893 ], [ -80.487426458772006, 43.3923408165357 ], [ -80.487991686519194, 43.3941415743802 ], [ -80.488015257769007, 43.394210964578789 ], [ -80.488395394137598, 43.395330097474591 ], [ -80.488649189021402, 43.396167770440194 ], [ -80.489258469273906, 43.397997022085391 ], [ -80.489571062893802, 43.39795201950151 ], [ -80.4913496801463, 43.398391847296892 ], [ -80.491379458959315, 43.398480254852188 ], [ -80.491597903318805, 43.3984997898839 ], [ -80.492352755623713, 43.398520362561499 ], [ -80.4926729039272, 43.399363838048508 ], [ -80.492848129170198, 43.399889252742192 ], [ -80.492909245218101, 43.400068526477796 ], [ -80.493162910720301, 43.4008012874801 ], [ -80.493183780468698, 43.400865977886291 ], [ -80.493369216722996, 43.401440809845802 ], [ -80.493623354959098, 43.4022285879362 ], [ -80.493669443708299, 43.4023714513066 ], [ -80.4923429936579, 43.402689388735595 ], [ -80.485435025047806, 43.4043636862718 ], [ -80.479159130901706, 43.405865217584598 ], [ -80.474883693197199, 43.406840385635903 ], [ -80.474543310288098, 43.406084024052802 ], [ -80.474495837206206, 43.405986592815388 ], [ -80.474454384627506, 43.405908404366592 ], [ -80.474427873763702, 43.405858399658008 ], [ -80.473828149608096, 43.404727159455192 ], [ -80.473804080403994, 43.404681756625301 ], [ -80.473754649611195, 43.404588515187697 ], [ -80.473491683864296, 43.404296972278402 ], [ -80.473148684098206, 43.404034077962891 ], [ -80.4731125190402, 43.404012215240193 ], [ -80.473081450656906, 43.4039932034391 ], [ -80.472997836476907, 43.403942435049991 ], [ -80.4727789606996, 43.403809733622303 ], [ -80.472422104894605, 43.4036241796464 ], [ -80.472060461227599, 43.403476212416791 ], [ -80.472039634473404, 43.40346776316089 ], [ -80.471991845308096, 43.403448192158798 ], [ -80.471919414673096, 43.403418587308103 ], [ -80.4718158037047, 43.403385821827598 ], [ -80.471502532022797, 43.403286628817199 ], [ -80.471451617476703, 43.40327059767499 ], [ -80.470887902666504, 43.403092454119594 ], [ -80.470852778933207, 43.403081246118603 ], [ -80.4707629455947, 43.403052869190091 ], [ -80.470624320591696, 43.40300902696201 ], [ -80.470304205275596, 43.402907751651391 ], [ -80.469880607321812, 43.402770126296595 ], [ -80.469788286044903, 43.402726129338198 ], [ -80.469630544644602, 43.402650622205591 ], [ -80.469431173023921, 43.402555151132184 ], [ -80.469057885765594, 43.4023177703057 ], [ -80.468768255334993, 43.402065938638302 ], [ -80.468752994910318, 43.402052782793589 ], [ -80.468725601923012, 43.402028779499403 ], [ -80.468692492850707, 43.401999997397695 ], [ -80.468659546690205, 43.4019569909279 ], [ -80.468613855462195, 43.401897042993497 ], [ -80.468521839833898, 43.401776571495695 ], [ -80.468494393238899, 43.4017292824065 ], [ -80.468483203568795, 43.401710003151692 ], [ -80.468155670316705, 43.401145675141599 ], [ -80.467554157106903, 43.400173519613602 ], [ -80.467538856571906, 43.400148780845491 ], [ -80.467501209379094, 43.400087526479602 ], [ -80.467438546133295, 43.399883556165399 ], [ -80.467431024027604, 43.399859070854099 ], [ -80.467419621772308, 43.399821956206985 ], [ -80.467385075492601, 43.39970950446569 ], [ -80.467311980569207, 43.398963838630202 ], [ -80.467399164390997, 43.398647207519886 ], [ -80.467420333590496, 43.398570326839994 ], [ -80.467567263141007, 43.398036707124589 ], [ -80.467586160010299, 43.397968078311791 ] ] ] } },
{ "type": "Feature", "properties": { "pc": "NORTHWARD", "area_ha": 122.7954653217559, "alive": 233, "total": 273, "removed": 40, "diversity": 2.6104247501699529, "last_insp": 2011.0, "dens": 1.8974642051274426, "attrition": 14.652014652014653, "backlog": 15.0, "I_deficit": 0.91936617399687515, "I_attrition": 0.31014506785431895, "I_monoculture": 0.13950142891856132, "I_backlog": 0.875, "score": 0.56100316769243885, "rank": 11, "priority": "High" }, "geometry": { "type": "Polygon", "coordinates": [ [ [ -80.4751035835735, 43.471080102726198 ], [ -80.474501320784597, 43.469968860464093 ], [ -80.472517182049401, 43.466307499561708 ], [ -80.471281603340799, 43.464022810109903 ], [ -80.471180960330102, 43.46307951136469 ], [ -80.482830862518895, 43.459238477452999 ], [ -80.483328619898998, 43.460979272032901 ], [ -80.483911184182503, 43.462653036660292 ], [ -80.484093575694502, 43.463176907410805 ], [ -80.484150930437494, 43.4635164713942 ], [ -80.484158862107009, 43.46356647041921 ], [ -80.484173156119596, 43.464307530821294 ], [ -80.484241339209106, 43.465603747098491 ], [ -80.484286445886099, 43.468007743114093 ], [ -80.484284514476698, 43.468510612024197 ], [ -80.484251040403905, 43.468790351566994 ], [ -80.484289915498294, 43.469278280791698 ], [ -80.484354487562996, 43.471287841112101 ], [ -80.484370355457997, 43.472359568025091 ], [ -80.484403588196599, 43.47384656955149 ], [ -80.482929147652698, 43.474014559535803 ], [ -80.481617662398406, 43.474094144506303 ], [ -80.480422180189393, 43.473973308444499 ], [ -80.478736656736601, 43.473646228632489 ], [ -80.477852691178597, 43.473295867608385 ], [ -80.477796979080395, 43.473253933978086 ], [ -80.476411691437704, 43.472447817054096 ], [ -80.4751035835735, 43.471080102726198 ] ] ] } }
]
}
